episode,seed,success,steps,inspections,total_reward,final_true_distance,final_estimated_distance
1,0,True,12,1,0.85,0.05153699219226837,0.04400061443448067
2,1,True,18,1,0.7899999999999999,0.026035429909825325,0.04044213518500328
3,2,True,9,1,0.88,0.010372340679168701,0.03968379646539688
4,3,True,6,1,0.91,0.04255697503685951,0.0342957079410553
5,4,False,17,1,-0.45000000000000007,0.07082422822713852,0.04061488062143326
6,5,True,19,1,0.7799999999999999,0.02372111566364765,0.036790646612644196
7,6,True,12,1,0.85,0.019029458984732628,0.0481783002614975
8,7,True,18,1,0.7899999999999999,0.03540011867880821,0.013748187571763992
9,8,True,17,1,0.7999999999999999,0.059160929173231125,0.023143358528614044
10,9,True,16,1,0.8099999999999999,0.016950270161032677,0.02361012063920498
11,10,True,16,1,0.8099999999999999,0.04541371390223503,0.04114174097776413
12,11,True,10,1,0.87,0.023412661626935005,0.011395485140383244
13,12,False,16,1,-0.44000000000000006,0.06059723347425461,0.03534454107284546
14,13,True,20,1,0.7699999999999999,0.025453530251979828,0.046382252126932144
15,14,True,15,1,0.82,0.05606599897146225,0.05532687157392502
16,15,True,18,1,0.7899999999999999,0.023418039083480835,0.01697683334350586
17,16,True,13,1,0.84,0.03267953544855118,0.0430355966091156
18,17,False,14,1,-0.42000000000000004,0.06262083351612091,0.025293562561273575
19,18,True,15,1,0.82,0.024878568947315216,0.030009999871253967
20,19,False,16,1,-0.44000000000000006,0.08203362673521042,0.058722689747810364
21,20,True,10,1,0.87,0.04813399910926819,0.043242864310741425
22,21,False,16,1,-0.44000000000000006,0.06325007975101471,0.051578372716903687
23,22,True,9,1,0.88,0.042047061026096344,0.0205205287784338
24,23,True,16,1,0.8099999999999999,0.04924469441175461,0.010450965724885464
25,24,True,10,1,0.87,0.036382779479026794,0.028464891016483307
26,25,True,5,1,0.9199999999999999,0.02563684806227684,0.026800334453582764
27,26,True,11,1,0.86,0.01948402263224125,0.018211212009191513
28,27,True,14,1,0.83,0.010730127803981304,0.01626601815223694
29,28,True,20,1,0.7699999999999999,0.03162723779678345,0.04793565347790718
30,29,False,9,1,-0.37,0.06329993903636932,0.05911397188901901
31,30,True,10,1,0.87,0.028947802260518074,0.04935620725154877
32,31,True,15,1,0.82,0.039229970425367355,0.055060457438230515
33,32,False,10,1,-0.38,0.07885703444480896,0.040020160377025604
34,33,True,13,1,0.84,0.04418976232409477,0.022127484902739525
35,34,False,14,1,-0.42000000000000004,0.06388349086046219,0.059644296765327454
36,35,True,11,1,0.86,0.028582904487848282,0.03703805431723595
37,36,True,9,1,0.88,0.028854358941316605,0.03648874908685684
38,37,True,17,1,0.7999999999999999,0.0061163525097072124,0.018168147653341293
39,38,True,11,1,0.86,0.012074548751115799,0.01373770646750927
40,39,True,13,1,0.84,0.0421757735311985,0.02572915516793728
41,40,False,16,1,-0.44000000000000006,0.0754268616437912,0.04624037444591522
42,41,True,20,1,0.7699999999999999,0.04358454793691635,0.021812064573168755
43,42,False,14,1,-0.42000000000000004,0.0912507101893425,0.04436420276761055
44,43,False,11,1,-0.39,0.06800143420696259,0.027380235493183136
45,44,True,7,1,0.9,0.01921941712498665,0.03614416345953941
46,45,True,14,1,0.83,0.017369650304317474,0.017812177538871765
47,46,True,15,1,0.82,0.048682019114494324,0.0148341478779912
48,47,False,17,1,-0.45000000000000007,0.06159169599413872,0.029795849695801735
49,48,False,12,1,-0.4,0.06832873821258545,0.05217808112502098
50,49,True,12,1,0.85,0.05576980486512184,0.058905258774757385
51,50,True,19,1,0.7799999999999999,0.03486034274101257,0.04397565871477127
52,51,False,16,1,-0.44000000000000006,0.06031261384487152,0.044019486755132675
53,52,True,15,1,0.82,0.011279258877038956,0.02390085533261299
54,53,True,13,1,0.84,0.024008404463529587,0.014597300440073013
55,54,True,11,1,0.86,0.022780288010835648,0.03043808415532112
56,55,False,19,1,-0.4700000000000001,0.06638755649328232,0.04753996059298515
57,56,True,13,1,0.84,0.030252283439040184,0.023085709661245346
58,57,True,14,1,0.83,0.05015256628394127,0.05684046447277069
59,58,False,15,1,-0.43000000000000005,0.06821897625923157,0.05752424895763397
60,59,False,16,1,-0.44000000000000006,0.07988014817237854,0.058919258415699005
61,60,True,7,1,0.9,0.04459023475646973,0.01726175844669342
62,61,False,14,1,-0.42000000000000004,0.0733964741230011,0.05837033689022064
63,62,True,16,1,0.8099999999999999,0.04674089327454567,0.02945512719452381
64,63,True,19,1,0.7799999999999999,0.018715670332312584,0.04694652184844017
65,64,True,18,1,0.7899999999999999,0.02455737441778183,0.05928808078169823
66,65,False,9,1,-0.37,0.07162528485059738,0.05384352058172226
67,66,False,18,1,-0.4600000000000001,0.07878708094358444,0.03843799605965614
68,67,True,9,1,0.88,0.0178037378937006,0.05026370659470558
69,68,True,17,1,0.7999999999999999,0.013931959867477417,0.02986542508006096
70,69,True,14,1,0.83,0.041617490351200104,0.011042135767638683
71,70,True,14,1,0.83,0.05562690645456314,0.029979083687067032
72,71,True,11,1,0.86,0.02722769044339657,0.04075261950492859
73,72,False,13,1,-0.41000000000000003,0.09030046314001083,0.05957801640033722
74,73,False,10,1,-0.38,0.08161227405071259,0.059542130678892136
75,74,True,17,1,0.7999999999999999,0.04316322132945061,0.02492232620716095
76,75,True,7,1,0.9,0.006865441333502531,0.012215053662657738
77,76,False,20,1,-0.4800000000000001,0.07129774242639542,0.05207490548491478
78,77,True,16,1,0.8099999999999999,0.042813654989004135,0.05079343542456627
79,78,True,17,1,0.7999999999999999,0.026270410045981407,0.02150389365851879
80,79,True,16,1,0.8099999999999999,0.0035517066717147827,0.02662302926182747
81,80,False,12,1,-0.4,0.08608938753604889,0.05384426563978195
82,81,True,10,1,0.87,0.011966676451265812,0.027632785961031914
83,82,True,21,1,0.7599999999999999,0.04030101001262665,0.021076897159218788
84,83,True,7,1,0.9,0.04364451766014099,0.021878495812416077
85,84,True,19,1,0.7799999999999999,0.03653609752655029,0.014705597423017025
86,85,True,9,1,0.88,0.038915690034627914,0.04591934382915497
87,86,False,11,1,-0.39,0.06261009722948074,0.04936970770359039
88,87,True,16,1,0.8099999999999999,0.04863077774643898,0.03093498945236206
89,88,True,13,1,0.84,0.029099829494953156,0.04090777784585953
90,89,True,16,1,0.8099999999999999,0.04425187036395073,0.059933315962553024
91,90,False,13,1,-0.41000000000000003,0.06223764643073082,0.05898082256317139
92,91,True,16,1,0.8099999999999999,0.03305154666304588,0.030736926943063736
93,92,True,11,1,0.86,0.03900676965713501,0.028923753648996353
94,93,True,18,1,0.7899999999999999,0.05860470235347748,0.05868513137102127
95,94,True,14,1,0.83,0.04064260423183441,0.039630480110645294
96,95,True,18,1,0.7899999999999999,0.025838010013103485,0.03062146157026291
97,96,True,18,1,0.7899999999999999,0.029085591435432434,0.013017896562814713
98,97,False,13,1,-0.41000000000000003,0.07993801683187485,0.04855829104781151
99,98,True,21,1,0.7599999999999999,0.014166443608701229,0.031003527343273163
100,99,False,13,1,-0.41000000000000003,0.06933263689279556,0.054902832955121994
101,100,True,17,1,0.7999999999999999,0.04735812172293663,0.03592173010110855
102,101,True,17,1,0.7999999999999999,0.02365041710436344,0.01906013861298561
103,102,True,11,1,0.86,0.04102460294961929,0.0504322424530983
104,103,True,8,1,0.89,0.05300936475396156,0.03944612666964531
105,104,True,18,1,0.7899999999999999,0.0315508134663105,0.0322861447930336
106,105,True,19,1,0.7799999999999999,0.04709635674953461,0.059749964624643326
107,106,True,16,1,0.8099999999999999,0.05190996453166008,0.058342888951301575
108,107,True,14,1,0.83,0.0437367744743824,0.017814112827181816
109,108,True,18,1,0.7899999999999999,0.01734505593776703,0.03899053484201431
110,109,True,17,1,0.7999999999999999,0.02198522910475731,0.035433270037174225
111,110,False,17,1,-0.45000000000000007,0.06308944523334503,0.03898248448967934
112,111,True,7,1,0.9,0.0336710549890995,0.02027355134487152
113,112,True,15,1,0.82,0.026122983545064926,0.04450007155537605
114,113,True,6,1,0.91,0.01727430894970894,0.036842335015535355
115,114,True,13,1,0.84,0.029233163222670555,0.053310658782720566
116,115,False,15,1,-0.43000000000000005,0.07009302079677582,0.057326994836330414
117,116,True,16,1,0.8099999999999999,0.016810787841677666,0.01046350970864296
118,117,True,15,1,0.82,0.032884400337934494,0.024779552593827248
119,118,True,21,1,0.7599999999999999,0.04619618132710457,0.047330256551504135
120,119,True,20,1,0.7699999999999999,0.013311335816979408,0.018441947177052498
121,120,True,15,1,0.82,0.02276848629117012,0.03640428185462952
122,121,True,13,1,0.84,0.007286482956260443,0.03817078471183777
123,122,True,14,1,0.83,0.05124664679169655,0.03097718209028244
124,123,True,12,1,0.85,0.035742077976465225,0.05499158054590225
125,124,True,19,1,0.7799999999999999,0.003254247596487403,0.018453404307365417
126,125,True,16,1,0.8099999999999999,0.057676974684000015,0.03745904192328453
127,126,False,15,1,-0.43000000000000005,0.06435859203338623,0.035982612520456314
128,127,True,6,1,0.91,0.04361695796251297,0.03650554269552231
129,128,True,14,1,0.83,0.043105971068143845,0.05896596983075142
130,129,True,9,1,0.88,0.03614216670393944,0.039896078407764435
131,130,True,9,1,0.88,0.04062991961836815,0.041801270097494125
132,131,True,16,1,0.8099999999999999,0.017035195603966713,0.03054027073085308
133,132,True,14,1,0.83,0.04205668717622757,0.012561440467834473
134,133,True,19,1,0.7799999999999999,0.011186327785253525,0.021928012371063232
135,134,True,18,1,0.7899999999999999,0.0341920405626297,0.012885678559541702
136,135,True,12,1,0.85,0.04023949056863785,0.03851177170872688
137,136,True,5,1,0.9199999999999999,0.023391002789139748,0.03345184400677681
138,137,True,15,1,0.82,0.04685086011886597,0.026891689747571945
139,138,True,16,1,0.8099999999999999,0.0594484806060791,0.04967258870601654
140,139,True,13,1,0.84,0.019331878051161766,0.04047798737883568
141,140,False,15,1,-0.43000000000000005,0.0656522884964943,0.04125537723302841
142,141,True,20,1,0.7699999999999999,0.03777952119708061,0.020303435623645782
143,142,True,4,1,0.9299999999999999,0.041595879942178726,0.039614055305719376
144,143,False,17,1,-0.45000000000000007,0.06469713151454926,0.04416370019316673
145,144,True,14,1,0.83,0.012861054390668869,0.016074126586318016
146,145,True,12,1,0.85,0.028333667665719986,0.021269632503390312
147,146,True,15,1,0.82,0.039401762187480927,0.045198921114206314
148,147,True,20,1,0.7699999999999999,0.054256536066532135,0.05276959761977196
149,148,False,14,1,-0.42000000000000004,0.06304484605789185,0.046190571039915085
150,149,True,6,1,0.91,0.05636586993932724,0.034251779317855835
151,150,True,15,1,0.82,0.05516403168439865,0.012950058095157146
152,151,True,11,1,0.86,0.058543168008327484,0.03403530269861221
153,152,False,7,1,-0.35,0.06010528281331062,0.05689492076635361
154,153,True,18,1,0.7899999999999999,0.03206579014658928,0.01599276438355446
155,154,True,15,1,0.82,0.04027090594172478,0.03336578607559204
156,155,False,14,1,-0.42000000000000004,0.10158135741949081,0.05195128172636032
157,156,True,4,1,0.9299999999999999,0.05643904581665993,0.05566181242465973
158,157,True,15,1,0.82,0.045125238597393036,0.037189554423093796
159,158,False,20,1,-0.4800000000000001,0.0744413435459137,0.01655648462474346
160,159,True,17,1,0.7999999999999999,0.01839619316160679,0.033365920186042786
161,160,False,13,1,-0.41000000000000003,0.09208977222442627,0.05291317403316498
162,161,False,14,1,-0.42000000000000004,0.07329441606998444,0.046220649033784866
163,162,True,6,1,0.91,0.03605612367391586,0.05288025364279747
164,163,True,15,1,0.82,0.032198719680309296,0.01576485112309456
165,164,False,7,1,-0.35,0.06777743995189667,0.047414425760507584
166,165,True,13,1,0.84,0.04531167075037956,0.04677180200815201
167,166,True,13,1,0.84,0.029893433675169945,0.028402132913470268
168,167,True,12,1,0.85,0.024798434227705002,0.018956700339913368
169,168,True,7,1,0.9,0.00377083383500576,0.019343160092830658
170,169,True,16,1,0.8099999999999999,0.002246489515528083,0.010288997553288937
171,170,True,21,1,0.7599999999999999,0.023544440045952797,0.0108661949634552
172,171,True,13,1,0.84,0.05058303847908974,0.0564461313188076
173,172,False,15,1,-0.43000000000000005,0.07547137886285782,0.055060241371393204
174,173,False,9,1,-0.37,0.0700029656291008,0.05785011500120163
175,174,True,20,1,0.7699999999999999,0.042900633066892624,0.01226103026419878
176,175,True,14,1,0.83,0.02827495150268078,0.05345424637198448
177,176,False,15,1,-0.43000000000000005,0.07291243225336075,0.031643133610486984
178,177,True,11,1,0.86,0.027221186086535454,0.036517128348350525
179,178,True,13,1,0.84,0.04351821169257164,0.04464799538254738
180,179,True,21,1,0.7599999999999999,0.04769372567534447,0.022627858445048332
181,180,True,15,1,0.82,0.03830956667661667,0.021995900198817253
182,181,True,17,1,0.7999999999999999,0.017245616763830185,0.015843797475099564
183,182,True,8,1,0.89,0.026746360585093498,0.02516009844839573
184,183,False,20,1,-0.4800000000000001,0.09175946563482285,0.05681651085615158
185,184,True,11,1,0.86,0.013188878074288368,0.050716061145067215
186,185,False,10,1,-0.38,0.07374269515275955,0.05684014782309532
187,186,False,14,1,-0.42000000000000004,0.06140967831015587,0.05576800927519798
188,187,True,9,1,0.88,0.027170278131961823,0.016869165003299713
189,188,True,13,1,0.84,0.03655586019158363,0.028645815327763557
190,189,True,10,1,0.87,0.019465627148747444,0.011319709941744804
191,190,True,10,1,0.87,0.03673860803246498,0.01248201448470354
192,191,True,20,1,0.7699999999999999,0.05610698089003563,0.049169983714818954
193,192,True,16,1,0.8099999999999999,0.0161457397043705,0.02834433503448963
194,193,True,11,1,0.86,0.02456234209239483,0.01461506262421608
195,194,True,21,1,0.7599999999999999,0.02320701628923416,0.01362172607332468
196,195,True,4,1,0.9299999999999999,0.032290492206811905,0.04755572974681854
197,196,True,16,1,0.8099999999999999,0.053541094064712524,0.022689124569296837
198,197,True,20,1,0.7699999999999999,0.02682621031999588,0.03458692878484726
199,198,True,19,1,0.7799999999999999,0.022889379411935806,0.030296191573143005
200,199,True,15,1,0.82,0.05580247938632965,0.03736712783575058
201,200,True,16,1,0.8099999999999999,0.02145344763994217,0.039210401475429535
202,201,True,19,1,0.7799999999999999,0.013547667302191257,0.039593759924173355
203,202,True,11,1,0.86,0.038306910544633865,0.024567222222685814
204,203,True,15,1,0.82,0.049888163805007935,0.0184776671230793
205,204,True,16,1,0.8099999999999999,0.05166549235582352,0.03752703592181206
206,205,True,16,1,0.8099999999999999,0.017405712977051735,0.02455669641494751
207,206,True,16,1,0.8099999999999999,0.02901552803814411,0.02090463787317276
208,207,True,11,1,0.86,0.027932099997997284,0.018317248672246933
209,208,True,19,1,0.7799999999999999,0.04087470844388008,0.024315400049090385
210,209,False,11,1,-0.39,0.07495176047086716,0.03158777952194214
211,210,True,17,1,0.7999999999999999,0.02144009806215763,0.02186533249914646
212,211,True,11,1,0.86,0.04533647373318672,0.017628410831093788
213,212,True,12,1,0.85,0.02317965403199196,0.03671380504965782
214,213,True,16,1,0.8099999999999999,0.049912624061107635,0.01806274987757206
215,214,True,9,1,0.88,0.02072088047862053,0.023419756442308426
216,215,True,15,1,0.82,0.05571780353784561,0.01745709776878357
217,216,True,19,1,0.7799999999999999,0.052079711109399796,0.03338591754436493
218,217,True,19,1,0.7799999999999999,0.015270937234163284,0.03587020933628082
219,218,True,19,1,0.7799999999999999,0.02336111105978489,0.02505430206656456
220,219,True,13,1,0.84,0.040021661669015884,0.014308137819170952
221,220,True,16,1,0.8099999999999999,0.006524995900690556,0.03270559757947922
222,221,True,10,1,0.87,0.037561580538749695,0.05354959890246391
223,222,True,14,1,0.83,0.02781960368156433,0.021554021164774895
224,223,True,17,1,0.7999999999999999,0.0024918909184634686,0.019285133108496666
225,224,True,11,1,0.86,0.035788655281066895,0.04339103400707245
226,225,True,13,1,0.84,0.040131211280822754,0.0416848286986351
227,226,True,17,1,0.7999999999999999,0.04112047702074051,0.019224822521209717
228,227,False,12,1,-0.4,0.0692218691110611,0.048992548137903214
229,228,True,15,1,0.82,0.02098475582897663,0.02172550931572914
230,229,True,21,1,0.7599999999999999,0.020669640973210335,0.043464045971632004
231,230,False,9,1,-0.37,0.06522949039936066,0.0482921227812767
232,231,True,17,1,0.7999999999999999,0.0391494445502758,0.02115589752793312
233,232,True,15,1,0.82,0.05191153660416603,0.018531620502471924
234,233,True,11,1,0.86,0.022951552644371986,0.03778274357318878
235,234,True,16,1,0.8099999999999999,0.011659582145512104,0.012438278645277023
236,235,False,9,1,-0.37,0.06845547258853912,0.05773434415459633
237,236,True,15,1,0.82,0.041976217180490494,0.018981773406267166
238,237,True,10,1,0.87,0.022869940847158432,0.02196849323809147
239,238,False,15,1,-0.43000000000000005,0.08401621878147125,0.05793153494596481
240,239,True,6,1,0.91,0.028446819633245468,0.027512483298778534
241,240,False,11,1,-0.39,0.0661201924085617,0.05992872267961502
242,241,False,8,1,-0.36,0.06190622225403786,0.05362348631024361
243,242,True,15,1,0.82,0.04514182731509209,0.017091451212763786
244,243,True,17,1,0.7999999999999999,0.015514718368649483,0.04855019226670265
245,244,True,9,1,0.88,0.0347626619040966,0.04400213062763214
246,245,False,11,1,-0.39,0.06218203529715538,0.03740602359175682
247,246,True,8,1,0.89,0.05604204908013344,0.04438158869743347
248,247,True,18,1,0.7899999999999999,0.014475135132670403,0.0361967533826828
249,248,True,17,1,0.7999999999999999,0.014121640473604202,0.028031842783093452
250,249,True,22,1,0.7499999999999999,0.0327606126666069,0.0400109738111496
251,250,True,13,1,0.84,0.006089057307690382,0.013432340696454048
252,251,True,18,1,0.7899999999999999,0.014878368005156517,0.010382510721683502
253,252,True,14,1,0.83,0.018006544560194016,0.012007419019937515
254,253,True,12,1,0.85,0.04580765217542648,0.021970344707369804
255,254,True,12,1,0.85,0.0511772520840168,0.022578716278076172
256,255,True,16,1,0.8099999999999999,0.026130223646759987,0.04472477361559868
257,256,False,19,1,-0.4700000000000001,0.07545749843120575,0.050491221249103546
258,257,True,19,1,0.7799999999999999,0.030871346592903137,0.03282862529158592
259,258,True,16,1,0.8099999999999999,0.02845744602382183,0.023053526878356934
260,259,False,13,1,-0.41000000000000003,0.08395682275295258,0.05498437583446503
261,260,True,19,1,0.7799999999999999,0.03592807427048683,0.03402680531144142
262,261,True,12,1,0.85,0.0339832566678524,0.037037383764982224
263,262,True,17,1,0.7999999999999999,0.03922966495156288,0.045143451541662216
264,263,True,8,1,0.89,0.01561044529080391,0.024121178314089775
265,264,True,11,1,0.86,0.04684997722506523,0.05458839610219002
266,265,True,8,1,0.89,0.008743610233068466,0.014858316630125046
267,266,False,9,1,-0.37,0.07005949318408966,0.05047920346260071
268,267,True,13,1,0.84,0.009907240979373455,0.011020018719136715
269,268,True,18,1,0.7899999999999999,0.03689509630203247,0.042125824838876724
270,269,True,11,1,0.86,0.012386626563966274,0.05657074972987175
271,270,False,15,1,-0.43000000000000005,0.06402503699064255,0.05149507522583008
272,271,True,19,1,0.7799999999999999,0.02971917763352394,0.01783139631152153
273,272,False,10,1,-0.38,0.06514199078083038,0.05953270569443703
274,273,True,14,1,0.83,0.05622678995132446,0.04822847619652748
275,274,True,17,1,0.7999999999999999,0.014142334461212158,0.019048720598220825
276,275,True,20,1,0.7699999999999999,0.026819618418812752,0.021710820496082306
277,276,True,14,1,0.83,0.034084610641002655,0.027273477986454964
278,277,False,10,1,-0.38,0.06880192458629608,0.03511849790811539
279,278,True,12,1,0.85,0.05929851904511452,0.05926111713051796
280,279,True,14,1,0.83,0.05499645322561264,0.027837123721837997
281,280,True,20,1,0.7699999999999999,0.03444652631878853,0.02149137668311596
282,281,True,17,1,0.7999999999999999,0.028164099901914597,0.0486689992249012
283,282,False,11,1,-0.39,0.06739936023950577,0.0416918508708477
284,283,True,14,1,0.83,0.03445832058787346,0.035899389535188675
285,284,True,12,1,0.85,0.004940954968333244,0.023169832304120064
286,285,True,6,1,0.91,0.03521544858813286,0.022627292200922966
287,286,True,16,1,0.8099999999999999,0.028299802914261818,0.023302540183067322
288,287,True,19,1,0.7799999999999999,0.011882353574037552,0.019572876393795013
289,288,True,15,1,0.82,0.02461407333612442,0.031069761142134666
290,289,True,14,1,0.83,0.05601375922560692,0.05203770473599434
291,290,True,9,1,0.88,0.026374854147434235,0.04362678527832031
292,291,True,10,1,0.87,0.032506197690963745,0.042460404336452484
293,292,True,17,1,0.7999999999999999,0.03456254303455353,0.0344950407743454
294,293,True,18,1,0.7899999999999999,0.03395678475499153,0.024090826511383057
295,294,True,15,1,0.82,0.03207514062523842,0.012834452092647552
296,295,True,5,1,0.9199999999999999,0.03451649099588394,0.03996627777814865
297,296,True,14,1,0.83,0.05102108046412468,0.056051284074783325
298,297,True,7,1,0.9,0.015833083540201187,0.018161524087190628
299,298,True,14,1,0.83,0.04156564548611641,0.03558425232768059
300,299,True,14,1,0.83,0.03378697857260704,0.03128461167216301
301,300,True,15,1,0.82,0.03333848714828491,0.02155276946723461
302,301,True,9,1,0.88,0.04343850165605545,0.01363123394548893
303,302,True,18,1,0.7899999999999999,0.03088407963514328,0.01454674731940031
304,303,True,10,1,0.87,0.02705155313014984,0.0181809701025486
305,304,False,17,1,-0.45000000000000007,0.06113405525684357,0.04695681855082512
306,305,False,16,1,-0.44000000000000006,0.07293564081192017,0.05527147650718689
307,306,True,7,1,0.9,0.053559575229883194,0.019780496135354042
308,307,False,15,1,-0.43000000000000005,0.06776748597621918,0.035457491874694824
309,308,True,15,1,0.82,0.036873385310173035,0.04429358243942261
310,309,False,5,1,-0.33,0.08526776731014252,0.04018627479672432
311,310,True,18,1,0.7899999999999999,0.03148096799850464,0.048621535301208496
312,311,False,10,1,-0.38,0.07081841677427292,0.05689512565732002
313,312,True,12,1,0.85,0.030509447678923607,0.021638063713908195
314,313,False,13,1,-0.41000000000000003,0.07174265384674072,0.022761154919862747
315,314,True,19,1,0.7799999999999999,0.03653803467750549,0.04099522531032562
316,315,True,20,1,0.7699999999999999,0.016901247203350067,0.029117511585354805
317,316,True,17,1,0.7999999999999999,0.004996936302632093,0.02859393320977688
318,317,True,16,1,0.8099999999999999,0.03937434405088425,0.04663672298192978
319,318,True,21,1,0.7599999999999999,0.021676987409591675,0.014927315525710583
320,319,True,16,1,0.8099999999999999,0.04096077010035515,0.013823891058564186
321,320,True,18,1,0.7899999999999999,0.027171708643436432,0.03187438100576401
322,321,True,18,1,0.7899999999999999,0.055575206875801086,0.04814022034406662
323,322,False,10,1,-0.38,0.0666658952832222,0.026148058474063873
324,323,True,15,1,0.82,0.03718264028429985,0.027210772037506104
325,324,True,12,1,0.85,0.04679075628519058,0.0502791628241539
326,325,True,11,1,0.86,0.054022397845983505,0.029408464208245277
327,326,True,10,1,0.87,0.029736682772636414,0.016792844980955124
328,327,True,12,1,0.85,0.04201425984501839,0.03666872903704643
329,328,True,17,1,0.7999999999999999,0.01964678429067135,0.040203846991062164
330,329,False,7,1,-0.35,0.0719199851155281,0.03913680464029312
331,330,True,22,1,0.7499999999999999,0.015355422161519527,0.0357118584215641
332,331,True,9,1,0.88,0.05957581102848053,0.028807025402784348
333,332,True,13,1,0.84,0.05150824412703514,0.034981075674295425
334,333,True,20,1,0.7699999999999999,0.038301534950733185,0.049031518399715424
335,334,True,11,1,0.86,0.04215233772993088,0.014668019488453865
336,335,True,11,1,0.86,0.037621885538101196,0.015080519020557404
337,336,False,16,1,-0.44000000000000006,0.06456398218870163,0.047273945063352585
338,337,True,7,1,0.9,0.04193412512540817,0.038013800978660583
339,338,False,19,1,-0.4700000000000001,0.07374076545238495,0.05505663901567459
340,339,True,16,1,0.8099999999999999,0.03914790600538254,0.02819027379155159
341,340,False,16,1,-0.44000000000000006,0.0707496926188469,0.04381556063890457
342,341,True,14,1,0.83,0.02121860533952713,0.047221839427948
343,342,False,13,1,-0.41000000000000003,0.06901043653488159,0.03984096646308899
344,343,False,13,1,-0.41000000000000003,0.06082272529602051,0.04250665381550789
345,344,True,14,1,0.83,0.04167331010103226,0.042046863585710526
346,345,True,13,1,0.84,0.05586764216423035,0.038418062031269073
347,346,True,12,1,0.85,0.031008630990982056,0.039337001740932465
348,347,True,12,1,0.85,0.03442584350705147,0.018583016470074654
349,348,True,12,1,0.85,0.057200804352760315,0.031247859820723534
350,349,True,12,1,0.85,0.04340402036905289,0.043718475848436356
351,350,True,17,1,0.7999999999999999,0.01861000992357731,0.05163434520363808
352,351,True,14,1,0.83,0.049247078597545624,0.020747775211930275
353,352,False,11,1,-0.39,0.06660390645265579,0.04721910133957863
354,353,False,13,1,-0.41000000000000003,0.06381799280643463,0.022252194583415985
355,354,False,11,1,-0.39,0.06256997585296631,0.03447844088077545
356,355,True,13,1,0.84,0.01924833655357361,0.03781202808022499
357,356,False,9,1,-0.37,0.06036453694105148,0.047522105276584625
358,357,True,9,1,0.88,0.0516793355345726,0.012702795676887035
359,358,True,14,1,0.83,0.04132290929555893,0.038880567997694016
360,359,False,13,1,-0.41000000000000003,0.06909611821174622,0.055122170597314835
361,360,False,20,1,-0.4800000000000001,0.06837872415781021,0.04801398515701294
362,361,False,10,1,-0.38,0.10355699062347412,0.05909314751625061
363,362,True,11,1,0.86,0.03875674307346344,0.043790873140096664
364,363,True,21,1,0.7599999999999999,0.04064353555440903,0.023229099810123444
365,364,True,12,1,0.85,0.04008878022432327,0.05594789236783981
366,365,False,17,1,-0.45000000000000007,0.0757838562130928,0.05884452164173126
367,366,True,11,1,0.86,0.05656300485134125,0.05984363704919815
368,367,True,17,1,0.7999999999999999,0.04598802700638771,0.04034792631864548
369,368,True,12,1,0.85,0.042859580367803574,0.033937208354473114
370,369,True,15,1,0.82,0.035659417510032654,0.042036473751068115
371,370,True,19,1,0.7799999999999999,0.040089573711156845,0.02069409377872944
372,371,True,16,1,0.8099999999999999,0.03374737501144409,0.03660336136817932
373,372,True,17,1,0.7999999999999999,0.016074679791927338,0.016887130215764046
374,373,False,17,1,-0.45000000000000007,0.07757769525051117,0.037950947880744934
375,374,True,11,1,0.86,0.027740415185689926,0.03389131277799606
376,375,True,21,1,0.7599999999999999,0.03526367247104645,0.03538045659661293
377,376,True,15,1,0.82,0.026681270450353622,0.025573432445526123
378,377,True,9,1,0.88,0.057566527277231216,0.03690421208739281
379,378,True,11,1,0.86,0.03189195320010185,0.04253006353974342
380,379,False,14,1,-0.42000000000000004,0.0629555806517601,0.033992424607276917
381,380,False,5,1,-0.33,0.06357906758785248,0.04706389084458351
382,381,True,21,1,0.7599999999999999,0.009955991059541702,0.021921521052718163
383,382,True,11,1,0.86,0.031011048704385757,0.03602956607937813
384,383,True,14,1,0.83,0.03637199103832245,0.029827266931533813
385,384,False,17,1,-0.45000000000000007,0.06191210448741913,0.045787110924720764
386,385,True,12,1,0.85,0.0365491583943367,0.01973513700067997
387,386,True,9,1,0.88,0.027825769037008286,0.03063090704381466
388,387,True,10,1,0.87,0.03587227314710617,0.04676244780421257
389,388,True,15,1,0.82,0.02844373695552349,0.010700375773012638
390,389,True,10,1,0.87,0.03156806528568268,0.049676842987537384
391,390,True,18,1,0.7899999999999999,0.055047016590833664,0.0379134900867939
392,391,True,15,1,0.82,0.057670991867780685,0.04320439323782921
393,392,True,10,1,0.87,0.015324325300753117,0.04327089339494705
394,393,True,9,1,0.88,0.05301031842827797,0.026906289160251617
395,394,True,14,1,0.83,0.014334832318127155,0.04510960355401039
396,395,True,12,1,0.85,0.021984083577990532,0.02515210397541523
397,396,True,9,1,0.88,0.025706853717565536,0.030640270560979843
398,397,True,16,1,0.8099999999999999,0.010330521501600742,0.02177027426660061
399,398,True,16,1,0.8099999999999999,0.024523036554455757,0.012546836398541927
400,399,True,17,1,0.7999999999999999,0.04599491506814957,0.021626664325594902
401,400,False,11,1,-0.39,0.06729879975318909,0.048307761549949646
402,401,False,13,1,-0.41000000000000003,0.07682503014802933,0.04906044155359268
403,402,False,15,1,-0.43000000000000005,0.06587529927492142,0.04675550386309624
404,403,True,16,1,0.8099999999999999,0.0303391981869936,0.04699797183275223
405,404,True,10,1,0.87,0.05090360343456268,0.05377248302102089
406,405,True,15,1,0.82,0.051232483237981796,0.010516942478716373
407,406,True,4,1,0.9299999999999999,0.05571239814162254,0.055824726819992065
408,407,True,7,1,0.9,0.033836815506219864,0.038449712097644806
409,408,True,12,1,0.85,0.025822026655077934,0.02852742001414299
410,409,True,9,1,0.88,0.054591789841651917,0.04980063810944557
411,410,False,16,1,-0.44000000000000006,0.0651485025882721,0.0456104539334774
412,411,True,16,1,0.8099999999999999,0.00785940419882536,0.011015527881681919
413,412,True,15,1,0.82,0.023339254781603813,0.012514371424913406
414,413,True,10,1,0.87,0.03830890730023384,0.024259140715003014
415,414,True,13,1,0.84,0.016480445861816406,0.05222862958908081
416,415,False,17,1,-0.45000000000000007,0.06479323655366898,0.03364981338381767
417,416,True,9,1,0.88,0.045298751443624496,0.04850950092077255
418,417,False,17,1,-0.45000000000000007,0.06389205157756805,0.04966354742646217
419,418,True,17,1,0.7999999999999999,0.04175122454762459,0.035725682973861694
420,419,True,21,1,0.7599999999999999,0.016248207539319992,0.014430437237024307
421,420,True,20,1,0.7699999999999999,0.02728530950844288,0.03181610628962517
422,421,True,7,1,0.9,0.020360751077532768,0.017195500433444977
423,422,True,16,1,0.8099999999999999,0.024150118231773376,0.02919357642531395
424,423,True,15,1,0.82,0.014917672611773014,0.014573249965906143
425,424,True,14,1,0.83,0.020164435729384422,0.017832109704613686
426,425,False,5,1,-0.33,0.060852162539958954,0.058152806013822556
427,426,True,11,1,0.86,0.008600364439189434,0.010329929180443287
428,427,True,18,1,0.7899999999999999,0.05160706490278244,0.010107076726853848
429,428,False,14,1,-0.42000000000000004,0.08354981243610382,0.05088476464152336
430,429,True,11,1,0.86,0.017634589225053787,0.014563687145709991
431,430,True,17,1,0.7999999999999999,0.04450445622205734,0.01644315756857395
432,431,True,14,1,0.83,0.04694461449980736,0.033901046961545944
433,432,True,15,1,0.82,0.040301717817783356,0.03266400098800659
434,433,False,12,1,-0.4,0.06279203295707703,0.0488366074860096
435,434,True,13,1,0.84,0.012872107326984406,0.03213628754019737
436,435,True,15,1,0.82,0.023320337757468224,0.02336748130619526
437,436,False,9,1,-0.37,0.07018594443798065,0.04681900143623352
438,437,True,15,1,0.82,0.05065528675913811,0.014321290887892246
439,438,True,19,1,0.7799999999999999,0.023928403854370117,0.01189327146857977
440,439,False,18,1,-0.4600000000000001,0.061088934540748596,0.026270663365721703
441,440,True,16,1,0.8099999999999999,0.04931208863854408,0.03174930065870285
442,441,True,11,1,0.86,0.03331137076020241,0.029881536960601807
443,442,True,16,1,0.8099999999999999,0.004689498338848352,0.033919475972652435
444,443,True,9,1,0.88,0.02337777614593506,0.05117611959576607
445,444,True,14,1,0.83,0.04167117923498154,0.0545935295522213
446,445,True,10,1,0.87,0.032974205911159515,0.04148362949490547
447,446,True,17,1,0.7999999999999999,0.059970539063215256,0.05385161563754082
448,447,True,16,1,0.8099999999999999,0.023754414170980453,0.014496725983917713
449,448,True,4,1,0.9299999999999999,0.05008983612060547,0.045285724103450775
450,449,True,15,1,0.82,0.04312939569354057,0.03413920849561691
451,450,True,10,1,0.87,0.006849226541817188,0.02990204095840454
452,451,True,9,1,0.88,0.028995899483561516,0.014118654653429985
453,452,False,15,1,-0.43000000000000005,0.0770622044801712,0.05353173613548279
454,453,True,10,1,0.87,0.026732157915830612,0.020970983430743217
455,454,False,9,1,-0.37,0.06746159493923187,0.0504501610994339
456,455,True,18,1,0.7899999999999999,0.02012842521071434,0.02133256569504738
457,456,False,11,1,-0.39,0.08195912837982178,0.03582383319735527
458,457,False,15,1,-0.43000000000000005,0.06682495027780533,0.04421137645840645
459,458,True,13,1,0.84,0.015342062339186668,0.0438523143529892
460,459,True,16,1,0.8099999999999999,0.03410740941762924,0.03219651058316231
461,460,True,14,1,0.83,0.0442119762301445,0.04029930755496025
462,461,True,16,1,0.8099999999999999,0.05116290599107742,0.04431799799203873
463,462,True,16,1,0.8099999999999999,0.05696434527635574,0.057636309415102005
464,463,True,16,1,0.8099999999999999,0.03334648162126541,0.04396072030067444
465,464,True,13,1,0.84,0.030464421957731247,0.05261500924825668
466,465,True,15,1,0.82,0.045799098908901215,0.02607017010450363
467,466,True,8,1,0.89,0.024169882759451866,0.05517268553376198
468,467,True,14,1,0.83,0.05069233104586601,0.05272696167230606
469,468,True,20,1,0.7699999999999999,0.016295822337269783,0.024602672085165977
470,469,True,18,1,0.7899999999999999,0.03568956255912781,0.05140820890665054
471,470,True,10,1,0.87,0.015835115686058998,0.05008918419480324
472,471,True,8,1,0.89,0.03677491098642349,0.04073299095034599
473,472,True,13,1,0.84,0.02863316424190998,0.02349695935845375
474,473,True,15,1,0.82,0.03161337599158287,0.025064313784241676
475,474,True,15,1,0.82,0.04376053065061569,0.012883661314845085
476,475,True,12,1,0.85,0.02760942280292511,0.049303099513053894
477,476,False,8,1,-0.36,0.0644308552145958,0.04879921302199364
478,477,True,18,1,0.7899999999999999,0.03629232570528984,0.019166843965649605
479,478,False,10,1,-0.38,0.06301474571228027,0.028091710060834885
480,479,True,12,1,0.85,0.013864024542272091,0.02241365984082222
481,480,True,17,1,0.7999999999999999,0.02113940939307213,0.033904317766427994
482,481,True,18,1,0.7899999999999999,0.04002669081091881,0.047249458730220795
483,482,True,13,1,0.84,0.045140340924263,0.036308977752923965
484,483,True,7,1,0.9,0.050960421562194824,0.016155339777469635
485,484,True,15,1,0.82,0.056046586483716965,0.050046470016241074
486,485,True,12,1,0.85,0.0341976135969162,0.043368346989154816
487,486,True,21,1,0.7599999999999999,0.013154932297766209,0.02318432368338108
488,487,True,11,1,0.86,0.04696599766612053,0.011462514288723469
489,488,True,3,1,0.94,0.04248117655515671,0.014529531821608543
490,489,True,17,1,0.7999999999999999,0.0491768904030323,0.05484328791499138
491,490,True,9,1,0.88,0.025481095537543297,0.04438738897442818
492,491,False,19,1,-0.4700000000000001,0.07945451140403748,0.058052752166986465
493,492,True,17,1,0.7999999999999999,0.04476222023367882,0.018915031105279922
494,493,False,18,1,-0.4600000000000001,0.07557108998298645,0.027049660682678223
495,494,True,20,1,0.7699999999999999,0.014993788674473763,0.03197477385401726
496,495,True,17,1,0.7999999999999999,0.05181272700428963,0.03883063420653343
497,496,True,16,1,0.8099999999999999,0.05852120742201805,0.03517024964094162
498,497,True,14,1,0.83,0.028840867802500725,0.012603572569787502
499,498,True,20,1,0.7699999999999999,0.028073575347661972,0.04947362467646599
500,499,False,17,1,-0.45000000000000007,0.07497139275074005,0.037717681378126144
501,500,True,17,1,0.7999999999999999,0.059407029300928116,0.03758334368467331
502,501,True,20,1,0.7699999999999999,0.003383212024345994,0.017325688153505325
503,502,False,7,1,-0.35,0.09771974384784698,0.054603856056928635
504,503,True,9,1,0.88,0.05529903620481491,0.05017884448170662
505,504,True,3,1,0.94,0.03920886665582657,0.04843522608280182
506,505,True,18,1,0.7899999999999999,0.04293302819132805,0.0367155447602272
507,506,True,10,1,0.87,0.014856178313493729,0.025458624586462975
508,507,True,8,1,0.89,0.03441598638892174,0.044314369559288025
509,508,True,15,1,0.82,0.02616799995303154,0.040503788739442825
510,509,False,16,1,-0.44000000000000006,0.07861100882291794,0.052794042974710464
511,510,True,13,1,0.84,0.02930140122771263,0.030063191428780556
512,511,True,17,1,0.7999999999999999,0.04989698529243469,0.0242310781031847
513,512,True,16,1,0.8099999999999999,0.045817140489816666,0.032547254115343094
514,513,True,10,1,0.87,0.02623034082353115,0.010129549540579319
515,514,False,17,1,-0.45000000000000007,0.06827259808778763,0.02267220802605152
516,515,True,12,1,0.85,0.043280165642499924,0.04509187117218971
517,516,False,11,1,-0.39,0.07084570080041885,0.05860729515552521
518,517,False,14,1,-0.42000000000000004,0.08322367072105408,0.05412423610687256
519,518,True,16,1,0.8099999999999999,0.029369523748755455,0.023022666573524475
520,519,True,5,1,0.9199999999999999,0.026172732934355736,0.012458276003599167
521,520,False,9,1,-0.37,0.06614981591701508,0.05702172592282295
522,521,True,14,1,0.83,0.052193865180015564,0.02622932381927967
523,522,False,12,1,-0.4,0.07065893709659576,0.03482148423790932
524,523,True,17,1,0.7999999999999999,0.00799577496945858,0.02107424847781658
525,524,True,10,1,0.87,0.02500857599079609,0.03126378729939461
526,525,True,13,1,0.84,0.024920575320720673,0.016786133870482445
527,526,True,7,1,0.9,0.04951169341802597,0.02461259625852108
528,527,True,13,1,0.84,0.009832246229052544,0.025498485192656517
529,528,False,15,1,-0.43000000000000005,0.0640290156006813,0.020192112773656845
530,529,True,8,1,0.89,0.048934634774923325,0.057087089866399765
531,530,False,11,1,-0.39,0.06365741044282913,0.020775290206074715
532,531,True,20,1,0.7699999999999999,0.048010364174842834,0.03345886990427971
533,532,True,5,1,0.9199999999999999,0.05169803276658058,0.05787363275885582
534,533,False,14,1,-0.42000000000000004,0.06586883962154388,0.05541599914431572
535,534,True,17,1,0.7999999999999999,0.03949544578790665,0.03966399282217026
536,535,False,16,1,-0.44000000000000006,0.08293405920267105,0.05449249967932701
537,536,True,6,1,0.91,0.029843006283044815,0.048303842544555664
538,537,True,16,1,0.8099999999999999,0.021286550909280777,0.04402388259768486
539,538,False,17,1,-0.45000000000000007,0.08792164921760559,0.04953214153647423
540,539,True,9,1,0.88,0.019938375800848007,0.016053171828389168
541,540,True,8,1,0.89,0.05554153025150299,0.040843598544597626
542,541,True,14,1,0.83,0.048425253480672836,0.021425843238830566
543,542,True,21,1,0.7599999999999999,0.049893856048583984,0.04418213665485382
544,543,True,14,1,0.83,0.04468435421586037,0.02084735967218876
545,544,False,15,1,-0.43000000000000005,0.07372324913740158,0.03017842397093773
546,545,True,14,1,0.83,0.05184921622276306,0.032110344618558884
547,546,True,16,1,0.8099999999999999,0.02456984855234623,0.01828974112868309
548,547,True,11,1,0.86,0.03426036611199379,0.02556431107223034
549,548,True,12,1,0.85,0.010390149429440498,0.02213498204946518
550,549,False,10,1,-0.38,0.06384449452161789,0.039333269000053406
551,550,True,16,1,0.8099999999999999,0.04759572818875313,0.01650143228471279
552,551,True,16,1,0.8099999999999999,0.05228947103023529,0.04985129460692406
553,552,True,7,1,0.9,0.019452156499028206,0.017319463193416595
554,553,True,17,1,0.7999999999999999,0.03636391460895538,0.027036789804697037
555,554,True,18,1,0.7899999999999999,0.025249741971492767,0.03172798082232475
556,555,False,5,1,-0.33,0.06079937517642975,0.023232227191329002
557,556,True,13,1,0.84,0.03183426335453987,0.03602774441242218
558,557,True,15,1,0.82,0.052773915231227875,0.016849927604198456
559,558,True,12,1,0.85,0.03299761563539505,0.019387884065508842
560,559,False,17,1,-0.45000000000000007,0.10444039851427078,0.05379721522331238
561,560,True,9,1,0.88,0.04235481470823288,0.03530813753604889
562,561,True,18,1,0.7899999999999999,0.013389436528086662,0.03520066663622856
563,562,True,12,1,0.85,0.03396609425544739,0.011910943314433098
564,563,True,15,1,0.82,0.05960020422935486,0.05300942808389664
565,564,True,15,1,0.82,0.014789552427828312,0.012213143520057201
566,565,True,13,1,0.84,0.032369378954172134,0.03886255621910095
567,566,True,20,1,0.7699999999999999,0.058705709874629974,0.049730848520994186
568,567,True,17,1,0.7999999999999999,0.0303706843405962,0.022459523752331734
569,568,False,19,1,-0.4700000000000001,0.06434468179941177,0.043082673102617264
570,569,False,13,1,-0.41000000000000003,0.08677767217159271,0.044086210429668427
571,570,True,13,1,0.84,0.01830567605793476,0.03825056180357933
572,571,False,14,1,-0.42000000000000004,0.06714534014463425,0.05486185848712921
573,572,True,12,1,0.85,0.021125398576259613,0.03036048822104931
574,573,True,16,1,0.8099999999999999,0.04181886091828346,0.03507203981280327
575,574,True,17,1,0.7999999999999999,0.013969453983008862,0.02248726412653923
576,575,True,8,1,0.89,0.056240495294332504,0.05205538123846054
577,576,True,19,1,0.7799999999999999,0.04865381494164467,0.0443992055952549
578,577,False,11,1,-0.39,0.06190214306116104,0.05323876440525055
579,578,True,9,1,0.88,0.013538531959056854,0.02599092200398445
580,579,True,16,1,0.8099999999999999,0.04578695446252823,0.05798594653606415
581,580,True,4,1,0.9299999999999999,0.04511764273047447,0.05310260131955147
582,581,True,10,1,0.87,0.05432182922959328,0.03266170993447304
583,582,True,7,1,0.9,0.02481088414788246,0.032011728733778
584,583,True,7,1,0.9,0.05760861188173294,0.056883554905653
585,584,True,18,1,0.7899999999999999,0.03501631319522858,0.049052052199840546
586,585,True,17,1,0.7999999999999999,0.03533535450696945,0.01961425319314003
587,586,True,11,1,0.86,0.02899140864610672,0.03469244763255119
588,587,False,6,1,-0.34,0.06943769752979279,0.034138672053813934
589,588,True,23,1,0.74,0.012281482107937336,0.04243374243378639
590,589,True,13,1,0.84,0.01453611720353365,0.022531451657414436
591,590,True,13,1,0.84,0.04187272489070892,0.04933091625571251
592,591,True,9,1,0.88,0.0467180460691452,0.05181656405329704
593,592,True,4,1,0.9299999999999999,0.04361816868185997,0.04068771377205849
594,593,True,19,1,0.7799999999999999,0.04241321608424187,0.03163374587893486
595,594,False,9,1,-0.37,0.08852581679821014,0.050185080617666245
596,595,False,18,1,-0.4600000000000001,0.06061394140124321,0.051340531557798386
597,596,True,13,1,0.84,0.02689632587134838,0.05815467610955238
598,597,False,16,1,-0.44000000000000006,0.0640392154455185,0.04292621836066246
599,598,True,22,1,0.7499999999999999,0.04761981591582298,0.022263117134571075
600,599,False,16,1,-0.44000000000000006,0.07520776987075806,0.05258861556649208
601,600,True,5,1,0.9199999999999999,0.057251207530498505,0.0205058753490448
602,601,True,14,1,0.83,0.04326098784804344,0.027224106714129448
603,602,False,15,1,-0.43000000000000005,0.0630960687994957,0.05773903429508209
604,603,False,8,1,-0.36,0.06862395256757736,0.05693736672401428
605,604,True,6,1,0.91,0.02485039085149765,0.018946168944239616
606,605,True,14,1,0.83,0.04305894672870636,0.023768676444888115
607,606,True,18,1,0.7899999999999999,0.016351550817489624,0.03727897256612778
608,607,True,16,1,0.8099999999999999,0.03154797852039337,0.031560081988573074
609,608,True,16,1,0.8099999999999999,0.03418844938278198,0.059981029480695724
610,609,True,13,1,0.84,0.016956493258476257,0.035731855779886246
611,610,True,11,1,0.86,0.009769747033715248,0.018714161589741707
612,611,True,18,1,0.7899999999999999,0.04671075940132141,0.02162865363061428
613,612,True,8,1,0.89,0.010776087641716003,0.01671149954199791
614,613,False,18,1,-0.4600000000000001,0.07739739865064621,0.05585729330778122
615,614,True,5,1,0.9199999999999999,0.017789745703339577,0.031499527394771576
616,615,True,17,1,0.7999999999999999,0.04622528329491615,0.03079862892627716
617,616,True,16,1,0.8099999999999999,0.03333153948187828,0.05215376242995262
618,617,False,5,1,-0.33,0.07168980687856674,0.0488489493727684
619,618,True,14,1,0.83,0.04906751587986946,0.05323820933699608
620,619,True,10,1,0.87,0.0225615743547678,0.03027508221566677
621,620,True,17,1,0.7999999999999999,0.038237787783145905,0.03565115109086037
622,621,True,13,1,0.84,0.02685592696070671,0.04840261489152908
623,622,True,5,1,0.9199999999999999,0.0507168285548687,0.05498338118195534
624,623,True,15,1,0.82,0.03135772794485092,0.03741643577814102
625,624,True,4,1,0.9299999999999999,0.037361785769462585,0.03700658306479454
626,625,True,12,1,0.85,0.05931106582283974,0.04409182071685791
627,626,True,17,1,0.7999999999999999,0.023225992918014526,0.02657819539308548
628,627,True,10,1,0.87,0.03805631026625633,0.03799610957503319
629,628,False,18,1,-0.4600000000000001,0.06461331993341446,0.05092070996761322
630,629,True,15,1,0.82,0.04147002473473549,0.054551031440496445
631,630,True,11,1,0.86,0.007448755204677582,0.025449302047491074
632,631,True,15,1,0.82,0.02921725995838642,0.04502137750387192
633,632,True,11,1,0.86,0.018863024190068245,0.011854966171085835
634,633,True,13,1,0.84,0.052494294941425323,0.016841435804963112
635,634,True,19,1,0.7799999999999999,0.017245478928089142,0.025431856513023376
636,635,True,16,1,0.8099999999999999,0.048520490527153015,0.026029573753476143
637,636,True,8,1,0.89,0.032914478331804276,0.014316319487988949
638,637,True,9,1,0.88,0.019371265545487404,0.02279641106724739
639,638,True,13,1,0.84,0.03537452593445778,0.01961808279156685
640,639,True,20,1,0.7699999999999999,0.04054754599928856,0.03303570672869682
641,640,False,13,1,-0.41000000000000003,0.07866743206977844,0.05087347701191902
642,641,True,15,1,0.82,0.046602990478277206,0.03363759443163872
643,642,True,14,1,0.83,0.009434946812689304,0.03873477876186371
644,643,True,4,1,0.9299999999999999,0.02553953230381012,0.019143957644701004
645,644,False,12,1,-0.4,0.06705058366060257,0.03551499918103218
646,645,False,11,1,-0.39,0.06958319991827011,0.056168388575315475
647,646,True,10,1,0.87,0.057389598339796066,0.04662315174937248
648,647,True,10,1,0.87,0.05756533145904541,0.02784780040383339
649,648,False,12,1,-0.4,0.0866406112909317,0.05649665370583534
650,649,False,17,1,-0.45000000000000007,0.07296406477689743,0.059207066893577576
651,650,True,14,1,0.83,0.005073137581348419,0.032410766929388046
652,651,True,15,1,0.82,0.033210039138793945,0.01657010428607464
653,652,True,12,1,0.85,0.037771742790937424,0.02600373513996601
654,653,True,13,1,0.84,0.02290658839046955,0.0253711249679327
655,654,True,17,1,0.7999999999999999,0.05202333256602287,0.04247455298900604
656,655,False,8,1,-0.36,0.07315292209386826,0.023416344076395035
657,656,False,13,1,-0.41000000000000003,0.07155291736125946,0.05068650841712952
658,657,True,18,1,0.7899999999999999,0.04898450896143913,0.04511748254299164
659,658,False,4,1,-0.32,0.06737153232097626,0.050375957041978836
660,659,True,4,1,0.9299999999999999,0.023014850914478302,0.026904359459877014
661,660,True,16,1,0.8099999999999999,0.04643790423870087,0.023335685953497887
662,661,True,11,1,0.86,0.030867429450154305,0.030133413150906563
663,662,True,4,1,0.9299999999999999,0.051687851548194885,0.05085686966776848
664,663,True,5,1,0.9199999999999999,0.017839668318629265,0.01503734290599823
665,664,False,16,1,-0.44000000000000006,0.1022607684135437,0.05239817500114441
666,665,True,8,1,0.89,0.04149791598320007,0.044899243861436844
667,666,True,17,1,0.7999999999999999,0.02707934007048607,0.021323679015040398
668,667,True,15,1,0.82,0.021661637350916862,0.029237670823931694
669,668,False,13,1,-0.41000000000000003,0.07310433685779572,0.03682173043489456
670,669,True,4,1,0.9299999999999999,0.056192368268966675,0.04748572036623955
671,670,True,9,1,0.88,0.05938694626092911,0.040810804814100266
672,671,False,17,1,-0.45000000000000007,0.06529932469129562,0.05040475353598595
673,672,False,14,1,-0.42000000000000004,0.08493050187826157,0.052855174988508224
674,673,True,20,1,0.7699999999999999,0.022281669080257416,0.02186449244618416
675,674,False,13,1,-0.41000000000000003,0.0918063372373581,0.053055815398693085
676,675,True,16,1,0.8099999999999999,0.05207326263189316,0.05539321526885033
677,676,False,10,1,-0.38,0.06272231787443161,0.05401242524385452
678,677,True,12,1,0.85,0.036466825753450394,0.028966523706912994
679,678,True,14,1,0.83,0.05885397270321846,0.01660865731537342
680,679,True,8,1,0.89,0.03286192938685417,0.032334793359041214
681,680,False,4,1,-0.32,0.06257453560829163,0.05709205940365791
682,681,False,10,1,-0.38,0.07692241668701172,0.05825911834836006
683,682,False,13,1,-0.41000000000000003,0.07144828140735626,0.05363056808710098
684,683,True,21,1,0.7599999999999999,0.02691085822880268,0.033075932413339615
685,684,True,14,1,0.83,0.05562596395611763,0.05264335125684738
686,685,True,15,1,0.82,0.04283241182565689,0.015780102461576462
687,686,True,13,1,0.84,0.028600525110960007,0.02915329299867153
688,687,False,14,1,-0.42000000000000004,0.06061463803052902,0.04974260553717613
689,688,False,9,1,-0.37,0.06012798845767975,0.021390218287706375
690,689,True,14,1,0.83,0.037477344274520874,0.019587334245443344
691,690,False,21,1,-0.4900000000000001,0.06455806642770767,0.037721358239650726
692,691,True,16,1,0.8099999999999999,0.022563258185982704,0.05856313183903694
693,692,True,5,1,0.9199999999999999,0.017306404188275337,0.03272462263703346
694,693,False,15,1,-0.43000000000000005,0.06856926530599594,0.023580683395266533
695,694,True,15,1,0.82,0.010115806944668293,0.03775671496987343
696,695,True,8,1,0.89,0.024941248819231987,0.025511642917990685
697,696,False,10,1,-0.38,0.08018504828214645,0.053254734724760056
698,697,True,8,1,0.89,0.0343577042222023,0.019070835784077644
699,698,True,19,1,0.7799999999999999,0.01121990941464901,0.019993774592876434
700,699,False,14,1,-0.42000000000000004,0.08347107470035553,0.04475487023591995
701,700,True,8,1,0.89,0.025117158889770508,0.0404401458799839
702,701,True,22,1,0.7499999999999999,0.0032268257346004248,0.020215895026922226
703,702,True,6,1,0.91,0.035832300782203674,0.022939598187804222
704,703,True,15,1,0.82,0.051165562123060226,0.04497557878494263
705,704,True,16,1,0.8099999999999999,0.03322192654013634,0.038019098341464996
706,705,True,9,1,0.88,0.042608100920915604,0.04193803668022156
707,706,True,8,1,0.89,0.05444725975394249,0.05330834910273552
708,707,True,15,1,0.82,0.028937440365552902,0.017781415954232216
709,708,False,17,1,-0.45000000000000007,0.08450786769390106,0.02931009791791439
710,709,True,15,1,0.82,0.051430534571409225,0.05293649435043335
711,710,True,6,1,0.91,0.03971223905682564,0.05546253174543381
712,711,True,11,1,0.86,0.04067811742424965,0.057913392782211304
713,712,True,9,1,0.88,0.02962621860206127,0.014273962937295437
714,713,True,11,1,0.86,0.04517702758312225,0.04921849071979523
715,714,True,10,1,0.87,0.059859760105609894,0.04176495969295502
716,715,True,7,1,0.9,0.033690955489873886,0.027523279190063477
717,716,False,20,1,-0.4800000000000001,0.0630439892411232,0.04191193729639053
718,717,True,13,1,0.84,0.026533056050539017,0.033889446407556534
719,718,True,17,1,0.7999999999999999,0.03139856457710266,0.029894264414906502
720,719,False,14,1,-0.42000000000000004,0.07697709649801254,0.0412486307322979
721,720,False,5,1,-0.33,0.08549942821264267,0.05714424327015877
722,721,True,9,1,0.88,0.030289683490991592,0.030498435720801353
723,722,True,17,1,0.7999999999999999,0.029881512746214867,0.01943216472864151
724,723,False,9,1,-0.37,0.08977445960044861,0.037146929651498795
725,724,False,14,1,-0.42000000000000004,0.07634024322032928,0.042033031582832336
726,725,True,17,1,0.7999999999999999,0.05324678495526314,0.04560829699039459
727,726,True,11,1,0.86,0.02857864648103714,0.03839684650301933
728,727,True,16,1,0.8099999999999999,0.019876431673765182,0.027237027883529663
729,728,False,21,1,-0.4900000000000001,0.06111740693449974,0.042691655457019806
730,729,True,18,1,0.7899999999999999,0.053904060274362564,0.0367315448820591
731,730,True,13,1,0.84,0.015341929160058498,0.029092470183968544
732,731,True,18,1,0.7899999999999999,0.020999165251851082,0.02085386961698532
733,732,True,12,1,0.85,0.035188764333724976,0.046658698469400406
734,733,False,13,1,-0.41000000000000003,0.07379066199064255,0.057677920907735825
735,734,True,19,1,0.7799999999999999,0.05395170673727989,0.018187932670116425
736,735,True,16,1,0.8099999999999999,0.03040369786322117,0.019040171056985855
737,736,True,13,1,0.84,0.046138085424900055,0.056065574288368225
738,737,True,9,1,0.88,0.021024096757173538,0.014468773268163204
739,738,True,15,1,0.82,0.04940902814269066,0.05367731302976608
740,739,True,17,1,0.7999999999999999,0.055128004401922226,0.058661773800849915
741,740,False,13,1,-0.41000000000000003,0.0725131705403328,0.05947321280837059
742,741,False,9,1,-0.37,0.07470985502004623,0.0436064675450325
743,742,True,19,1,0.7799999999999999,0.021964039653539658,0.01584620028734207
744,743,True,5,1,0.9199999999999999,0.025516260415315628,0.034599822014570236
745,744,True,18,1,0.7899999999999999,0.01605406403541565,0.04707971215248108
746,745,True,15,1,0.82,0.051346153020858765,0.028612645342946053
747,746,True,14,1,0.83,0.01527106948196888,0.02552446909248829
748,747,True,15,1,0.82,0.02636982686817646,0.02238360606133938
749,748,True,18,1,0.7899999999999999,0.046390049159526825,0.042954299598932266
750,749,True,16,1,0.8099999999999999,0.049002815037965775,0.030358009040355682
751,750,True,13,1,0.84,0.029163777828216553,0.012772615067660809
752,751,True,9,1,0.88,0.010735923424363136,0.022414250299334526
753,752,True,17,1,0.7999999999999999,0.054863981902599335,0.010289997793734074
754,753,True,7,1,0.9,0.01906927302479744,0.015964336693286896
755,754,False,13,1,-0.41000000000000003,0.08330252766609192,0.04865727946162224
756,755,True,19,1,0.7799999999999999,0.05633971467614174,0.027514567598700523
757,756,True,9,1,0.88,0.009721998125314713,0.012507843784987926
758,757,True,14,1,0.83,0.03809826076030731,0.028641939163208008
759,758,True,17,1,0.7999999999999999,0.023706724867224693,0.02747022733092308
760,759,True,8,1,0.89,0.0370606891810894,0.04312378540635109
761,760,True,17,1,0.7999999999999999,0.04333722963929176,0.0361524373292923
762,761,False,12,1,-0.4,0.07562233507633209,0.05544329062104225
763,762,True,9,1,0.88,0.04546397179365158,0.04406048730015755
764,763,True,17,1,0.7999999999999999,0.052549753338098526,0.05492306500673294
765,764,True,20,1,0.7699999999999999,0.046601515263319016,0.01368025690317154
766,765,True,12,1,0.85,0.02470506727695465,0.056772589683532715
767,766,False,13,1,-0.41000000000000003,0.06696883589029312,0.05741993337869644
768,767,True,16,1,0.8099999999999999,0.014783216640353203,0.027986541390419006
769,768,True,19,1,0.7799999999999999,0.047477755695581436,0.04681467264890671
770,769,True,19,1,0.7799999999999999,0.038579847663640976,0.016897372901439667
771,770,False,18,1,-0.4600000000000001,0.0649249479174614,0.05926806852221489
772,771,True,12,1,0.85,0.025483127683401108,0.01507580652832985
773,772,True,13,1,0.84,0.02902069315314293,0.02058088779449463
774,773,True,15,1,0.82,0.023053037002682686,0.033155858516693115
775,774,True,12,1,0.85,0.02344490960240364,0.05012141168117523
776,775,False,10,1,-0.38,0.06528587639331818,0.03962118178606033
777,776,False,10,1,-0.38,0.0774012953042984,0.0487055778503418
778,777,True,13,1,0.84,0.02789580263197422,0.029419859871268272
779,778,True,6,1,0.91,0.04131903871893883,0.03895208612084389
780,779,True,8,1,0.89,0.03483991697430611,0.040136270225048065
781,780,True,12,1,0.85,0.05011940374970436,0.044639796018600464
782,781,True,10,1,0.87,0.04048081487417221,0.016697319224476814
783,782,True,6,1,0.91,0.027395257726311684,0.040906209498643875
784,783,True,11,1,0.86,0.04413469135761261,0.02241658978164196
785,784,True,10,1,0.87,0.05026930570602417,0.05602852255105972
786,785,True,16,1,0.8099999999999999,0.05454404279589653,0.05721915513277054
787,786,True,16,1,0.8099999999999999,0.05763332545757294,0.023691989481449127
788,787,False,8,1,-0.36,0.08032191544771194,0.04874606803059578
789,788,True,15,1,0.82,0.05211532860994339,0.03338562324643135
790,789,True,7,1,0.9,0.026420943439006805,0.01279278565198183
791,790,True,19,1,0.7799999999999999,0.03381712734699249,0.04110201075673103
792,791,True,16,1,0.8099999999999999,0.04105258360505104,0.04374585300683975
793,792,True,11,1,0.86,0.05471237376332283,0.03587629273533821
794,793,True,18,1,0.7899999999999999,0.005466421600431204,0.030667968094348907
795,794,True,16,1,0.8099999999999999,0.033946964889764786,0.04260740429162979
796,795,False,11,1,-0.39,0.07338407635688782,0.04965358227491379
797,796,True,10,1,0.87,0.03559822961688042,0.03002421371638775
798,797,True,11,1,0.86,0.04535145312547684,0.027787307277321815
799,798,True,12,1,0.85,0.04942874237895012,0.02360587567090988
800,799,True,14,1,0.83,0.03413035720586777,0.03966395929455757
801,800,True,7,1,0.9,0.0463717095553875,0.03295500949025154
802,801,True,7,1,0.9,0.03233151510357857,0.032716311514377594
803,802,True,18,1,0.7899999999999999,0.0364237017929554,0.014215316623449326
804,803,True,13,1,0.84,0.04396064579486847,0.037184469401836395
805,804,True,18,1,0.7899999999999999,0.03703221306204796,0.02924121357500553
806,805,True,4,1,0.9299999999999999,0.03524741902947426,0.028667187318205833
807,806,True,10,1,0.87,0.024425163865089417,0.012689690105617046
808,807,True,19,1,0.7799999999999999,0.03465642035007477,0.03064066730439663
809,808,True,11,1,0.86,0.01054851058870554,0.01278322096914053
810,809,False,17,1,-0.45000000000000007,0.06736434996128082,0.04371929541230202
811,810,True,11,1,0.86,0.025534404441714287,0.012888297438621521
812,811,True,17,1,0.7999999999999999,0.018711425364017487,0.028511477634310722
813,812,True,12,1,0.85,0.04284349083900452,0.05190558731555939
814,813,True,11,1,0.86,0.027071529999375343,0.04707082360982895
815,814,True,10,1,0.87,0.028892729431390762,0.03926364704966545
816,815,True,19,1,0.7799999999999999,0.04725246876478195,0.03298434242606163
817,816,True,15,1,0.82,0.03349956125020981,0.05608873814344406
818,817,True,13,1,0.84,0.04225953668355942,0.016699600964784622
819,818,True,5,1,0.9199999999999999,0.031166212633252144,0.014742805622518063
820,819,True,13,1,0.84,0.011680957861244678,0.02430417761206627
821,820,True,17,1,0.7999999999999999,0.049223173409700394,0.02238028682768345
822,821,True,17,1,0.7999999999999999,0.026172557845711708,0.03388901799917221
823,822,False,10,1,-0.38,0.06891048699617386,0.05528195574879646
824,823,True,18,1,0.7899999999999999,0.004391035530716181,0.015938609838485718
825,824,False,13,1,-0.41000000000000003,0.0714188888669014,0.03215441480278969
826,825,True,6,1,0.91,0.04246886447072029,0.05581020936369896
827,826,True,14,1,0.83,0.05315946042537689,0.05548038333654404
828,827,True,17,1,0.7999999999999999,0.03365197777748108,0.03443901985883713
829,828,True,5,1,0.9199999999999999,0.05215880647301674,0.021042482927441597
830,829,True,10,1,0.87,0.050838496536016464,0.049622539430856705
831,830,True,7,1,0.9,0.058212973177433014,0.03591954708099365
832,831,True,12,1,0.85,0.03624079376459122,0.04810243844985962
833,832,True,16,1,0.8099999999999999,0.05884891003370285,0.05540899187326431
834,833,True,12,1,0.85,0.03541272133588791,0.018681352958083153
835,834,True,16,1,0.8099999999999999,0.02531261369585991,0.052960701286792755
836,835,False,17,1,-0.45000000000000007,0.09383837878704071,0.040354806929826736
837,836,True,10,1,0.87,0.04189078137278557,0.011674197390675545
838,837,True,12,1,0.85,0.019289648160338402,0.015883786603808403
839,838,True,16,1,0.8099999999999999,0.058976128697395325,0.014688574708998203
840,839,True,9,1,0.88,0.03483285382390022,0.05567692592740059
841,840,True,17,1,0.7999999999999999,0.03814023733139038,0.025771459564566612
842,841,True,10,1,0.87,0.028101354837417603,0.012090212665498257
843,842,False,18,1,-0.4600000000000001,0.06621969491243362,0.05555408447980881
844,843,True,16,1,0.8099999999999999,0.050551678985357285,0.045665401965379715
845,844,False,11,1,-0.39,0.07999226450920105,0.04454302415251732
846,845,True,13,1,0.84,0.020071113482117653,0.04750416800379753
847,846,True,16,1,0.8099999999999999,0.05340753495693207,0.048378825187683105
848,847,False,14,1,-0.42000000000000004,0.06069227680563927,0.049397919327020645
849,848,False,11,1,-0.39,0.07256294786930084,0.04511290788650513
850,849,True,13,1,0.84,0.031828634440898895,0.026810452342033386
851,850,False,7,1,-0.35,0.08610448986291885,0.04560448229312897
852,851,False,17,1,-0.45000000000000007,0.08215270936489105,0.05076218396425247
853,852,True,19,1,0.7799999999999999,0.05103394016623497,0.05636746436357498
854,853,True,12,1,0.85,0.0241937767714262,0.010186754167079926
855,854,False,18,1,-0.4600000000000001,0.06975134462118149,0.05615127459168434
856,855,True,17,1,0.7999999999999999,0.0528351254761219,0.050540629774332047
857,856,True,7,1,0.9,0.0074802590534091,0.01123937126249075
858,857,True,14,1,0.83,0.036184195429086685,0.051712144166231155
859,858,True,19,1,0.7799999999999999,0.02538994699716568,0.038699276745319366
860,859,True,14,1,0.83,0.029834609478712082,0.016464924439787865
861,860,True,20,1,0.7699999999999999,0.05579955875873566,0.04921859875321388
862,861,True,16,1,0.8099999999999999,0.031731389462947845,0.016415290534496307
863,862,True,16,1,0.8099999999999999,0.047406964004039764,0.036745473742485046
864,863,False,16,1,-0.44000000000000006,0.06806764006614685,0.0553884394466877
865,864,True,11,1,0.86,0.0310350451618433,0.01039453037083149
866,865,True,19,1,0.7799999999999999,0.00456896610558033,0.030357057228684425
867,866,True,9,1,0.88,0.04256848618388176,0.05447037145495415
868,867,True,13,1,0.84,0.003612654749304056,0.04228502884507179
869,868,False,11,1,-0.39,0.06564485281705856,0.058371685445308685
870,869,True,15,1,0.82,0.04798850044608116,0.013466075994074345
871,870,True,5,1,0.9199999999999999,0.010633481666445732,0.0277970302850008
872,871,True,14,1,0.83,0.020531054586172104,0.02495473064482212
873,872,True,17,1,0.7999999999999999,0.004666831344366074,0.03415260091423988
874,873,True,16,1,0.8099999999999999,0.00900987721979618,0.017727581784129143
875,874,True,13,1,0.84,0.018274037167429924,0.010950920172035694
876,875,True,17,1,0.7999999999999999,0.03305967524647713,0.04083660617470741
877,876,True,10,1,0.87,0.012237346731126308,0.023631375283002853
878,877,True,13,1,0.84,0.01749350316822529,0.0160556398332119
879,878,True,11,1,0.86,0.05691318213939667,0.05840834975242615
880,879,True,14,1,0.83,0.05367682874202728,0.03694958984851837
881,880,True,7,1,0.9,0.041235730051994324,0.05289849266409874
882,881,True,14,1,0.83,0.042469315230846405,0.04038049653172493
883,882,True,12,1,0.85,0.040177494287490845,0.01952083222568035
884,883,True,19,1,0.7799999999999999,0.020739130675792694,0.04848943278193474
885,884,True,15,1,0.82,0.038571227341890335,0.04213332757353783
886,885,True,18,1,0.7899999999999999,0.02579791098833084,0.015778709203004837
887,886,True,10,1,0.87,0.021223153918981552,0.02574540488421917
888,887,True,15,1,0.82,0.027583803981542587,0.016038402915000916
889,888,True,8,1,0.89,0.031908657401800156,0.04823780059814453
890,889,True,15,1,0.82,0.03189888224005699,0.02790425531566143
891,890,True,15,1,0.82,0.05005943402647972,0.03650166094303131
892,891,True,15,1,0.82,0.04564978927373886,0.029476724565029144
893,892,False,14,1,-0.42000000000000004,0.07753200829029083,0.04850338399410248
894,893,True,14,1,0.83,0.03386377915740013,0.01932462677359581
895,894,True,8,1,0.89,0.05671705678105354,0.05695598945021629
896,895,True,13,1,0.84,0.037548333406448364,0.055776920169591904
897,896,True,16,1,0.8099999999999999,0.033447813242673874,0.024938076734542847
898,897,False,12,1,-0.4,0.066068135201931,0.03214167803525925
899,898,True,16,1,0.8099999999999999,0.050493791699409485,0.0400063656270504
900,899,True,15,1,0.82,0.051213014870882034,0.0429312065243721
901,900,True,3,1,0.94,0.048940956592559814,0.030284207314252853
902,901,True,20,1,0.7699999999999999,0.002358266618102789,0.022121505811810493
903,902,False,15,1,-0.43000000000000005,0.06340957432985306,0.050610076636075974
904,903,True,12,1,0.85,0.05591211095452309,0.026620658114552498
905,904,True,12,1,0.85,0.051161061972379684,0.036109376698732376
906,905,True,20,1,0.7699999999999999,0.0224236398935318,0.02477678842842579
907,906,True,16,1,0.8099999999999999,0.016888802871108055,0.011712251231074333
908,907,True,12,1,0.85,0.03204933553934097,0.042770981788635254
909,908,False,14,1,-0.42000000000000004,0.061971988528966904,0.03854925185441971
910,909,True,13,1,0.84,0.03525317460298538,0.03752090409398079
911,910,True,13,1,0.84,0.046580720692873,0.05932376906275749
912,911,True,10,1,0.87,0.022777415812015533,0.0390610545873642
913,912,True,17,1,0.7999999999999999,0.027280744165182114,0.01735464669764042
914,913,True,7,1,0.9,0.018796388059854507,0.03361013904213905
915,914,True,13,1,0.84,0.020225118845701218,0.010180969722568989
916,915,True,7,1,0.9,0.021461712196469307,0.04111906886100769
917,916,False,10,1,-0.38,0.07428214699029922,0.0554976686835289
918,917,True,12,1,0.85,0.015167102217674255,0.015952076762914658
919,918,True,6,1,0.91,0.05035538971424103,0.028372209519147873
920,919,True,21,1,0.7599999999999999,0.02126389741897583,0.016234004870057106
921,920,True,10,1,0.87,0.02899572253227234,0.03864232823252678
922,921,True,9,1,0.88,0.034276459366083145,0.05233920365571976
923,922,True,9,1,0.88,0.006087724585086107,0.023067984730005264
924,923,True,21,1,0.7599999999999999,0.052906204015016556,0.05819668993353844
925,924,True,17,1,0.7999999999999999,0.030069684609770775,0.03875696659088135
926,925,False,17,1,-0.45000000000000007,0.0812470093369484,0.04979551583528519
927,926,False,12,1,-0.4,0.07357969135046005,0.042618945240974426
928,927,True,14,1,0.83,0.04053255170583725,0.03267586976289749
929,928,True,9,1,0.88,0.04356091469526291,0.024851568043231964
930,929,True,11,1,0.86,0.05253860726952553,0.03664594888687134
931,930,False,15,1,-0.43000000000000005,0.06844846904277802,0.04895157366991043
932,931,False,11,1,-0.39,0.06054709851741791,0.031146805733442307
933,932,False,16,1,-0.44000000000000006,0.06734693050384521,0.05101805552840233
934,933,True,9,1,0.88,0.015082753263413906,0.012666101567447186
935,934,True,16,1,0.8099999999999999,0.033153146505355835,0.012077857740223408
936,935,True,9,1,0.88,0.0075689335353672504,0.026228155940771103
937,936,True,14,1,0.83,0.014857850037515163,0.018100999295711517
938,937,True,12,1,0.85,0.030450992286205292,0.01651141606271267
939,938,True,14,1,0.83,0.05821085348725319,0.04897419735789299
940,939,False,19,1,-0.4700000000000001,0.07841157913208008,0.0426405631005764
941,940,True,15,1,0.82,0.02000357396900654,0.02139226906001568
942,941,True,18,1,0.7899999999999999,0.03092154674232006,0.02236170507967472
943,942,True,12,1,0.85,0.018726952373981476,0.02263052947819233
944,943,True,16,1,0.8099999999999999,0.05152589827775955,0.05211257189512253
945,944,True,13,1,0.84,0.0363975390791893,0.05667799338698387
946,945,True,15,1,0.82,0.009266172535717487,0.01551161240786314
947,946,False,15,1,-0.43000000000000005,0.07630226761102676,0.056135136634111404
948,947,True,13,1,0.84,0.05658414214849472,0.022811226546764374
949,948,False,13,1,-0.41000000000000003,0.062109775841236115,0.058143384754657745
950,949,True,10,1,0.87,0.04186158627271652,0.02750716730952263
951,950,True,8,1,0.89,0.029392948374152184,0.01647745817899704
952,951,True,15,1,0.82,0.01393657736480236,0.021077582612633705
953,952,True,8,1,0.89,0.03196503221988678,0.04079210013151169
954,953,True,9,1,0.88,0.02592136338353157,0.04129480943083763
955,954,True,17,1,0.7999999999999999,0.02154969796538353,0.039943285286426544
956,955,True,10,1,0.87,0.04569857195019722,0.042527202516794205
957,956,False,17,1,-0.45000000000000007,0.0779825896024704,0.056090645492076874
958,957,True,11,1,0.86,0.05172582343220711,0.0277550108730793
959,958,True,16,1,0.8099999999999999,0.042272262275218964,0.03409693017601967
960,959,True,16,1,0.8099999999999999,0.038833145052194595,0.03898126631975174
961,960,True,16,1,0.8099999999999999,0.05662989243865013,0.026949811726808548
962,961,True,9,1,0.88,0.04647459089756012,0.029819227755069733
963,962,True,9,1,0.88,0.038656629621982574,0.021202245727181435
964,963,True,17,1,0.7999999999999999,0.02797672338783741,0.023938031867146492
965,964,True,12,1,0.85,0.010189123451709747,0.025981687009334564
966,965,True,5,1,0.9199999999999999,0.023852361366152763,0.04061765968799591
967,966,True,13,1,0.84,0.03620696812868118,0.033773452043533325
968,967,True,11,1,0.86,0.016302239149808884,0.02324322611093521
969,968,False,18,1,-0.4600000000000001,0.07106197625398636,0.059724073857069016
970,969,True,15,1,0.82,0.03957831859588623,0.03554319962859154
971,970,True,19,1,0.7799999999999999,0.03661667928099632,0.0391562394797802
972,971,True,12,1,0.85,0.01649107225239277,0.01085597649216652
973,972,True,18,1,0.7899999999999999,0.037162065505981445,0.029782790690660477
974,973,True,9,1,0.88,0.017375251278281212,0.029169082641601562
975,974,False,15,1,-0.43000000000000005,0.06483928859233856,0.04967748001217842
976,975,True,14,1,0.83,0.046366866677999496,0.053204525262117386
977,976,True,14,1,0.83,0.01168567780405283,0.028968146070837975
978,977,True,16,1,0.8099999999999999,0.05530235543847084,0.03883105888962746
979,978,False,17,1,-0.45000000000000007,0.06456280499696732,0.02377428114414215
980,979,True,10,1,0.87,0.02395029366016388,0.028879979625344276
981,980,False,12,1,-0.4,0.07037128508090973,0.04895324259996414
982,981,True,13,1,0.84,0.05329103022813797,0.025153357535600662
983,982,True,11,1,0.86,0.03879062831401825,0.054394908249378204
984,983,True,14,1,0.83,0.01912269927561283,0.021373866125941277
985,984,False,10,1,-0.38,0.07081600278615952,0.05114801228046417
986,985,True,6,1,0.91,0.031822025775909424,0.04727194830775261
987,986,True,5,1,0.9199999999999999,0.035914529114961624,0.028341781347990036
988,987,True,19,1,0.7799999999999999,0.044221431016922,0.01704387180507183
989,988,True,15,1,0.82,0.03588777780532837,0.05637463182210922
990,989,False,12,1,-0.4,0.06483794003725052,0.018281513825058937
991,990,False,9,1,-0.37,0.06007147207856178,0.04396386072039604
992,991,True,17,1,0.7999999999999999,0.05583124980330467,0.0582476481795311
993,992,True,13,1,0.84,0.02243916690349579,0.05777744576334953
994,993,True,7,1,0.9,0.04198482260107994,0.04107515141367912
995,994,True,10,1,0.87,0.02339935302734375,0.038609929382801056
996,995,False,10,1,-0.38,0.06231490895152092,0.05721321702003479
997,996,True,9,1,0.88,0.027606410905718803,0.027260633185505867
998,997,True,16,1,0.8099999999999999,0.05539938434958458,0.05680888518691063
999,998,True,13,1,0.84,0.05524137243628502,0.04776449128985405
1000,999,True,14,1,0.83,0.02281181886792183,0.0265683401376009
