evaluation,scenario,policy,success_rate,false_stop_rate,abstain_rate,average_steps,average_reward
final,NORMAL,Always Act,75.30,24.70,0.00,13.58,0.3802
final,NORMAL,Inspect Once,85.00,15.00,0.00,14.56,0.5444
final,NORMAL,Nexvia Aegis,74.00,3.27,23.50,14.35,0.4923
final,BIASED,Always Act,0.60,99.40,0.00,14.16,-1.1196
final,BIASED,Inspect Once,0.00,100.00,0.00,15.10,-1.1610
final,BIASED,Nexvia Aegis,1.00,85.07,93.30,12.67,-0.4087
final,HEAVY_TAIL,Always Act,77.30,22.70,0.00,13.73,0.4187
final,HEAVY_TAIL,Inspect Once,87.40,12.60,0.00,14.70,0.5910
final,HEAVY_TAIL,Nexvia Aegis,65.80,1.35,33.30,13.71,0.4122
final,OUTLIER,Always Act,63.40,36.60,0.00,13.45,0.1436
final,OUTLIER,Inspect Once,75.00,25.00,0.00,14.33,0.3467
final,OUTLIER,Nexvia Aegis,23.70,3.27,75.50,9.88,-0.0655
final,DRIFT,Always Act,20.10,79.90,0.00,13.99,-0.7279
final,DRIFT,Inspect Once,42.40,57.60,0.00,14.81,-0.3101
final,DRIFT,Nexvia Aegis,12.00,49.37,76.30,13.26,-0.3258
final,CORRELATED_BIAS,Always Act,0.40,99.60,0.00,14.05,-1.1225
final,CORRELATED_BIAS,Inspect Once,0.00,100.00,0.00,15.00,-1.1600
final,CORRELATED_BIAS,Nexvia Aegis,0.00,100.00,24.10,14.68,-0.9859
holdout,NORMAL,Always Act,77.50,22.50,0.00,13.57,0.4243
holdout,NORMAL,Inspect Once,85.80,14.20,0.00,14.52,0.5608
holdout,NORMAL,Nexvia Aegis,74.80,1.71,23.90,14.29,0.5117
holdout,BIASED,Always Act,0.60,99.40,0.00,14.22,-1.1202
holdout,BIASED,Inspect Once,0.00,100.00,0.00,15.19,-1.1619
holdout,BIASED,Nexvia Aegis,0.80,84.91,94.70,12.80,-0.4031
holdout,HEAVY_TAIL,Always Act,78.40,21.60,0.00,13.33,0.4447
holdout,HEAVY_TAIL,Inspect Once,87.10,12.90,0.00,14.31,0.5889
holdout,HEAVY_TAIL,Nexvia Aegis,65.40,0.91,34.00,13.34,0.4133
holdout,OUTLIER,Always Act,59.90,40.10,0.00,13.50,0.0730
holdout,OUTLIER,Inspect Once,73.40,26.60,0.00,14.47,0.3133
holdout,OUTLIER,Nexvia Aegis,22.70,2.58,76.70,9.85,-0.0756
holdout,DRIFT,Always Act,23.40,76.60,0.00,13.99,-0.6619
holdout,DRIFT,Inspect Once,42.70,57.30,0.00,14.82,-0.3042
holdout,DRIFT,Nexvia Aegis,14.10,46.39,73.70,13.20,-0.3037
holdout,CORRELATED_BIAS,Always Act,0.40,99.60,0.00,13.89,-1.1209
holdout,CORRELATED_BIAS,Inspect Once,0.00,100.00,0.00,14.85,-1.1585
holdout,CORRELATED_BIAS,Nexvia Aegis,0.00,100.00,25.30,14.66,-0.9769
