scenario,policy,success,steps,final_distance,reward,act_steps,verify_steps,abstain_steps,mismatch_steps,mismatch_act_steps
NORMAL,ALWAYS_ACT,1,178,0.19306455142235188,-0.7800000001940639,178,0,0,1,1
NORMAL,ALWAYS_ACT,1,89,0.19215209202769787,0.11000000082560002,89,0,0,0,0
NORMAL,ALWAYS_ACT,1,144,0.18784774727843961,-0.44000000047113763,144,0,0,0,0
NORMAL,ALWAYS_ACT,1,198,0.18163402418112604,-0.980000001287224,198,0,0,0,0
NORMAL,ALWAYS_ACT,1,207,0.19577593350864028,-1.069999997682674,207,0,0,0,0
NORMAL,ALWAYS_ACT,1,188,0.15673998209183582,-0.8799999994459643,188,0,0,1,1
NORMAL,ALWAYS_ACT,1,120,0.1994175718872943,-0.2000000036601418,120,0,0,0,0
NORMAL,ALWAYS_ACT,1,190,0.1976967068101928,-0.8999999975042431,190,0,0,0,0
NORMAL,ALWAYS_ACT,1,173,0.18035890657121312,-0.7300000026257744,173,0,0,0,0
NORMAL,ALWAYS_ACT,1,141,0.1867384596606989,-0.410000004682889,141,0,0,0,0
NORMAL,ALWAYS_ACT,1,136,0.18851732837452825,-0.3599999969522609,136,0,0,0,0
NORMAL,ALWAYS_ACT,1,172,0.19843578713402937,-0.7199999970773544,172,0,0,0,0
NORMAL,ALWAYS_ACT,1,190,0.1526475131108902,-0.9000000014388663,190,0,0,0,0
NORMAL,ALWAYS_ACT,1,119,0.17760192798201765,-0.19000000233271164,119,0,0,0,0
NORMAL,ALWAYS_ACT,1,130,0.17292356394582473,-0.3000000005275425,130,0,0,0,0
NORMAL,ALWAYS_ACT,1,169,0.19119133347623607,-0.6900000019754919,169,0,0,0,0
NORMAL,ALWAYS_ACT,1,112,0.19873686690645478,-0.11999999933228267,112,0,0,0,0
NORMAL,ALWAYS_ACT,1,77,0.18089273758329857,0.22999999804457227,77,0,0,0,0
NORMAL,ALWAYS_ACT,1,60,0.1884870410153222,0.39999999993185864,60,0,0,0,0
NORMAL,ALWAYS_ACT,1,175,0.1722115686401752,-0.7499999997074097,175,0,0,0,0
NORMAL,ALWAYS_ACT,1,170,0.15811456800115756,-0.7000000021112013,170,0,0,1,1
NORMAL,ALWAYS_ACT,1,178,0.17573177916484484,-0.7799999970639135,178,0,0,0,0
NORMAL,ALWAYS_ACT,1,149,0.16252680836106048,-0.4899999977972348,149,0,0,0,0
NORMAL,ALWAYS_ACT,1,127,0.18733908509296537,-0.26999999987242307,127,0,0,0,0
NORMAL,ALWAYS_ACT,1,165,0.17795734293234255,-0.6500000032261546,165,0,0,0,0
NORMAL,ALWAYS_ACT,1,77,0.19076042069457452,0.23000000055344383,77,0,0,0,0
NORMAL,ALWAYS_ACT,1,57,0.18499119231497543,0.4299999983251257,57,0,0,0,0
NORMAL,ALWAYS_ACT,1,129,0.19348902551129898,-0.28999999696729784,129,0,0,0,0
NORMAL,ALWAYS_ACT,1,145,0.16078022180894555,-0.4499999984894085,145,0,0,0,0
NORMAL,ALWAYS_ACT,1,163,0.18815763697800666,-0.6300000015613595,163,0,0,0,0
NORMAL,ALWAYS_ACT,1,76,0.18096773157182164,0.23999999962048024,76,0,0,1,1
NORMAL,ALWAYS_ACT,1,83,0.19279133877028812,0.17000000063004883,83,0,0,0,0
NORMAL,ALWAYS_ACT,1,68,0.1913634105060339,0.31999999966562065,68,0,0,0,0
NORMAL,ALWAYS_ACT,1,140,0.17387910138766766,-0.3999999992643899,140,0,0,0,0
NORMAL,ALWAYS_ACT,1,132,0.1711185853609477,-0.3200000042299298,132,0,0,0,0
NORMAL,ALWAYS_ACT,1,132,0.18502211600700166,-0.31999999887041897,132,0,0,1,1
NORMAL,ALWAYS_ACT,1,177,0.19486274953584376,-0.7699999973535989,177,0,0,0,0
NORMAL,ALWAYS_ACT,1,184,0.1870689881211436,-0.8399999998434249,184,0,0,0,0
NORMAL,ALWAYS_ACT,1,190,0.18788696866335552,-0.8999999976921782,190,0,0,0,0
NORMAL,ALWAYS_ACT,1,164,0.1809374508738487,-0.6399999996491436,164,0,0,0,0
NORMAL,ALWAYS_ACT,1,142,0.19578523044134064,-0.4199999971701308,142,0,0,0,0
NORMAL,ALWAYS_ACT,1,163,0.17745046345903936,-0.6299999995746699,163,0,0,0,0
NORMAL,ALWAYS_ACT,1,159,0.18842833495478298,-0.589999997801539,159,0,0,0,0
NORMAL,ALWAYS_ACT,1,159,0.17365688092038975,-0.590000000870023,159,0,0,0,0
NORMAL,ALWAYS_ACT,1,187,0.17121670771133768,-0.8699999957802987,187,0,0,0,0
NORMAL,ALWAYS_ACT,1,160,0.1652333622480396,-0.6000000036882425,160,0,0,0,0
NORMAL,ALWAYS_ACT,1,206,0.17245456104068774,-1.0599999995917142,206,0,0,0,0
NORMAL,ALWAYS_ACT,1,124,0.18735482418725583,-0.23999999906202585,124,0,0,0,0
NORMAL,ALWAYS_ACT,1,185,0.18755977919128816,-0.8499999992673987,185,0,0,0,0
NORMAL,ALWAYS_ACT,1,165,0.16914034815773887,-0.6500000013978741,165,0,0,0,0
NORMAL,ALWAYS_ACT,1,138,0.17036108312866427,-0.3799999980322297,138,0,0,0,0
NORMAL,ALWAYS_ACT,1,92,0.19618432745920558,0.0800000005129562,92,0,0,0,0
NORMAL,ALWAYS_ACT,1,166,0.16185738752820483,-0.6600000001246434,166,0,0,0,0
NORMAL,ALWAYS_ACT,1,137,0.18852757314824026,-0.37000000093088936,137,0,0,0,0
NORMAL,ALWAYS_ACT,1,71,0.19677535479487368,0.2899999998490498,71,0,0,0,0
NORMAL,ALWAYS_ACT,1,140,0.19640465806642649,-0.3999999987894801,140,0,0,1,1
NORMAL,ALWAYS_ACT,1,98,0.1814440032968836,0.01999999804848729,98,0,0,0,0
NORMAL,ALWAYS_ACT,1,180,0.19241948168841705,-0.8000000031858808,180,0,0,0,0
NORMAL,ALWAYS_ACT,1,146,0.16238357776494575,-0.4599999996987537,146,0,0,0,0
NORMAL,ALWAYS_ACT,1,203,0.19407680662908514,-1.0299999976461733,203,0,0,0,0
NORMAL,ALWAYS_ACT,1,164,0.19362770600421064,-0.639999998617002,164,0,0,0,0
NORMAL,ALWAYS_ACT,1,118,0.17681549481501346,-0.18000000033963315,118,0,0,2,2
NORMAL,ALWAYS_ACT,1,167,0.19116605518548505,-0.6699999967700843,167,0,0,0,0
NORMAL,ALWAYS_ACT,1,185,0.16736707534532227,-0.8499999963620821,185,0,0,0,0
NORMAL,ALWAYS_ACT,1,158,0.17115771871833838,-0.5799999956504093,158,0,0,0,0
NORMAL,ALWAYS_ACT,1,172,0.16732078440723663,-0.7200000012170329,172,0,0,0,0
NORMAL,ALWAYS_ACT,1,172,0.15191158612902975,-0.7199999981814013,172,0,0,0,0
NORMAL,ALWAYS_ACT,1,80,0.1782263019039903,0.1999999997626729,80,0,0,1,1
NORMAL,ALWAYS_ACT,1,158,0.16852229522004905,-0.5800000007336303,158,0,0,1,1
NORMAL,ALWAYS_ACT,1,182,0.1878610834441865,-0.8199999955180549,182,0,0,0,0
NORMAL,ALWAYS_ACT,1,175,0.1586182751637701,-0.7499999985138583,175,0,0,0,0
NORMAL,ALWAYS_ACT,1,116,0.1709529701566587,-0.1600000024338054,116,0,0,0,0
NORMAL,ALWAYS_ACT,1,141,0.16103710823455114,-0.4099999963912545,141,0,0,0,0
NORMAL,ALWAYS_ACT,1,157,0.1625389550956171,-0.5699999958621418,157,0,0,0,0
NORMAL,ALWAYS_ACT,1,170,0.16119628405820216,-0.7000000008287619,170,0,0,0,0
NORMAL,ALWAYS_ACT,1,177,0.16385180513700157,-0.7699999991918769,177,0,0,1,1
NORMAL,ALWAYS_ACT,1,157,0.18980436669400172,-0.5700000006930163,157,0,0,0,0
NORMAL,ALWAYS_ACT,1,193,0.1727706323949248,-0.9300000024870653,193,0,0,0,0
NORMAL,ALWAYS_ACT,1,181,0.16844921277918604,-0.8100000045455167,181,0,0,0,0
NORMAL,ALWAYS_ACT,1,142,0.17170095963548657,-0.4200000011127534,142,0,0,0,0
NORMAL,ALWAYS_ACT,1,167,0.18184310311244983,-0.669999998780402,167,0,0,0,0
NORMAL,ALWAYS_ACT,1,85,0.19688783986350492,0.14999999644507267,85,0,0,0,0
NORMAL,ALWAYS_ACT,1,181,0.16945013482193558,-0.8099999989463355,181,0,0,0,0
NORMAL,ALWAYS_ACT,1,167,0.1996411150251686,-0.6700000026215034,167,0,0,0,0
NORMAL,ALWAYS_ACT,1,134,0.16266838947423523,-0.33999999795945124,134,0,0,0,0
NORMAL,ALWAYS_ACT,1,178,0.18471335048517057,-0.7799999980717094,178,0,0,0,0
NORMAL,ALWAYS_ACT,1,177,0.19606118114520904,-0.7699999962930661,177,0,0,0,0
NORMAL,ALWAYS_ACT,1,166,0.1806866768124518,-0.6600000026347367,166,0,0,0,0
NORMAL,ALWAYS_ACT,1,114,0.19276054941394566,-0.13999999942826735,114,0,0,0,0
NORMAL,ALWAYS_ACT,1,148,0.17882973625654627,-0.4799999952032751,148,0,0,0,0
NORMAL,ALWAYS_ACT,1,179,0.163777059698889,-0.7899999968756507,179,0,0,0,0
NORMAL,ALWAYS_ACT,1,199,0.175794491266703,-0.9900000020007983,199,0,0,0,0
NORMAL,ALWAYS_ACT,1,187,0.196822990339942,-0.8699999956227173,187,0,0,0,0
NORMAL,ALWAYS_ACT,1,153,0.18041121231579316,-0.5299999973381512,153,0,0,0,0
NORMAL,ALWAYS_ACT,1,91,0.19548707244001973,0.09000000397582386,91,0,0,0,0
NORMAL,ALWAYS_ACT,1,112,0.17884892304496805,-0.12000000135013711,112,0,0,1,1
NORMAL,ALWAYS_ACT,1,175,0.16038099399898115,-0.7500000003441892,175,0,0,0,0
NORMAL,ALWAYS_ACT,1,189,0.1638184915427811,-0.8899999994919091,189,0,0,1,1
NORMAL,ALWAYS_ACT,1,185,0.17224325330250714,-0.8499999968111079,185,0,0,1,1
NORMAL,ALWAYS_ACT,1,159,0.19177642665183545,-0.5900000020883843,159,0,0,0,0
NORMAL,AEGIS,1,178,0.19445129161862557,-0.7699999992734764,177,0,1,1,0
NORMAL,AEGIS,1,89,0.19215209202769787,0.11000000082560002,89,0,0,0,0
NORMAL,AEGIS,1,144,0.18784774727843961,-0.44000000047113763,144,0,0,0,0
NORMAL,AEGIS,1,198,0.18163402418112604,-0.980000001287224,198,0,0,0,0
NORMAL,AEGIS,1,207,0.19577593350864028,-1.069999997682674,207,0,0,0,0
NORMAL,AEGIS,1,188,0.18440414124263418,-0.8700000000867627,187,0,1,1,0
NORMAL,AEGIS,1,120,0.1994175718872943,-0.2000000036601418,120,0,0,0,0
NORMAL,AEGIS,1,190,0.1976967068101928,-0.8999999975042431,190,0,0,0,0
NORMAL,AEGIS,1,173,0.18035890657121312,-0.7300000026257744,173,0,0,0,0
NORMAL,AEGIS,1,141,0.1867384596606989,-0.410000004682889,141,0,0,0,0
NORMAL,AEGIS,1,136,0.18851732837452825,-0.3599999969522609,136,0,0,0,0
NORMAL,AEGIS,1,172,0.19843578713402937,-0.7199999970773544,172,0,0,0,0
NORMAL,AEGIS,1,190,0.1526475131108902,-0.9000000014388663,190,0,0,0,0
NORMAL,AEGIS,1,119,0.17760192798201765,-0.19000000233271164,119,0,0,0,0
NORMAL,AEGIS,1,130,0.17292356394582473,-0.3000000005275425,130,0,0,0,0
NORMAL,AEGIS,1,169,0.19119133347623607,-0.6900000019754919,169,0,0,0,0
NORMAL,AEGIS,1,112,0.19873686690645478,-0.11999999933228267,112,0,0,0,0
NORMAL,AEGIS,1,77,0.18089273758329857,0.22999999804457227,77,0,0,0,0
NORMAL,AEGIS,1,60,0.1884870410153222,0.39999999993185864,60,0,0,0,0
NORMAL,AEGIS,1,175,0.1722115686401752,-0.7499999997074097,175,0,0,0,0
NORMAL,AEGIS,1,171,0.15183578921936874,-0.7000000005325422,170,0,1,1,0
NORMAL,AEGIS,1,178,0.17573177916484484,-0.7799999970639135,178,0,0,0,0
NORMAL,AEGIS,1,149,0.16252680836106048,-0.4899999977972348,149,0,0,0,0
NORMAL,AEGIS,1,127,0.18733908509296537,-0.26999999987242307,127,0,0,0,0
NORMAL,AEGIS,1,165,0.17795734293234255,-0.6500000032261546,165,0,0,0,0
NORMAL,AEGIS,1,77,0.19076042069457452,0.23000000055344383,77,0,0,0,0
NORMAL,AEGIS,1,57,0.18499119231497543,0.4299999983251257,57,0,0,0,0
NORMAL,AEGIS,1,129,0.19348902551129898,-0.28999999696729784,129,0,0,0,0
NORMAL,AEGIS,1,145,0.16078022180894555,-0.4499999984894085,145,0,0,0,0
NORMAL,AEGIS,1,163,0.18815763697800666,-0.6300000015613595,163,0,0,0,0
NORMAL,AEGIS,1,76,0.1908494707909534,0.24999999882840696,75,0,1,1,0
NORMAL,AEGIS,1,83,0.19279133877028812,0.17000000063004883,83,0,0,0,0
NORMAL,AEGIS,1,68,0.1913634105060339,0.31999999966562065,68,0,0,0,0
NORMAL,AEGIS,1,140,0.17387910138766766,-0.3999999992643899,140,0,0,0,0
NORMAL,AEGIS,1,132,0.1711185853609477,-0.3200000042299298,132,0,0,0,0
NORMAL,AEGIS,1,133,0.18494104260117916,-0.32000000001058637,132,0,1,1,0
NORMAL,AEGIS,1,177,0.19486274953584376,-0.7699999973535989,177,0,0,0,0
NORMAL,AEGIS,1,184,0.1870689881211436,-0.8399999998434249,184,0,0,0,0
NORMAL,AEGIS,1,190,0.18788696866335552,-0.8999999976921782,190,0,0,0,0
NORMAL,AEGIS,1,164,0.1809374508738487,-0.6399999996491436,164,0,0,0,0
NORMAL,AEGIS,1,142,0.19578523044134064,-0.4199999971701308,142,0,0,0,0
NORMAL,AEGIS,1,163,0.17745046345903936,-0.6299999995746699,163,0,0,0,0
NORMAL,AEGIS,1,159,0.18842833495478298,-0.589999997801539,159,0,0,0,0
NORMAL,AEGIS,1,159,0.17365688092038975,-0.590000000870023,159,0,0,0,0
NORMAL,AEGIS,1,187,0.17121670771133768,-0.8699999957802987,187,0,0,0,0
NORMAL,AEGIS,1,160,0.1652333622480396,-0.6000000036882425,160,0,0,0,0
NORMAL,AEGIS,1,206,0.17245456104068774,-1.0599999995917142,206,0,0,0,0
NORMAL,AEGIS,1,124,0.18735482418725583,-0.23999999906202585,124,0,0,0,0
NORMAL,AEGIS,1,185,0.18755977919128816,-0.8499999992673987,185,0,0,0,0
NORMAL,AEGIS,1,165,0.16914034815773887,-0.6500000013978741,165,0,0,0,0
NORMAL,AEGIS,1,138,0.17036108312866427,-0.3799999980322297,138,0,0,0,0
NORMAL,AEGIS,1,92,0.19618432745920558,0.0800000005129562,92,0,0,0,0
NORMAL,AEGIS,1,166,0.16185738752820483,-0.6600000001246434,166,0,0,0,0
NORMAL,AEGIS,1,137,0.18852757314824026,-0.37000000093088936,137,0,0,0,0
NORMAL,AEGIS,1,71,0.19677535479487368,0.2899999998490498,71,0,0,0,0
NORMAL,AEGIS,1,141,0.18101675995794278,-0.40000000270004155,140,0,1,1,0
NORMAL,AEGIS,1,98,0.1814440032968836,0.01999999804848729,98,0,0,0,0
NORMAL,AEGIS,1,180,0.19241948168841705,-0.8000000031858808,180,0,0,0,0
NORMAL,AEGIS,1,146,0.16238357776494575,-0.4599999996987537,146,0,0,0,0
NORMAL,AEGIS,1,203,0.19407680662908514,-1.0299999976461733,203,0,0,0,0
NORMAL,AEGIS,1,164,0.19362770600421064,-0.639999998617002,164,0,0,0,0
NORMAL,AEGIS,1,119,0.1736912559710459,-0.17000000002276194,117,0,2,2,0
NORMAL,AEGIS,1,167,0.19116605518548505,-0.6699999967700843,167,0,0,0,0
NORMAL,AEGIS,1,185,0.16736707534532227,-0.8499999963620821,185,0,0,0,0
NORMAL,AEGIS,1,158,0.17115771871833838,-0.5799999956504093,158,0,0,0,0
NORMAL,AEGIS,1,172,0.16732078440723663,-0.7200000012170329,172,0,0,0,0
NORMAL,AEGIS,1,172,0.15191158612902975,-0.7199999981814013,172,0,0,0,0
NORMAL,AEGIS,1,80,0.19015431979838812,0.21000000006278596,79,0,1,1,0
NORMAL,AEGIS,1,158,0.18050904277040636,-0.5700000015733688,157,0,1,1,0
NORMAL,AEGIS,1,182,0.1878610834441865,-0.8199999955180549,182,0,0,0,0
NORMAL,AEGIS,1,175,0.1586182751637701,-0.7499999985138583,175,0,0,0,0
NORMAL,AEGIS,1,116,0.1709529701566587,-0.1600000024338054,116,0,0,0,0
NORMAL,AEGIS,1,141,0.16103710823455114,-0.4099999963912545,141,0,0,0,0
NORMAL,AEGIS,1,157,0.1625389550956171,-0.5699999958621418,157,0,0,0,0
NORMAL,AEGIS,1,170,0.16119628405820216,-0.7000000008287619,170,0,0,0,0
NORMAL,AEGIS,1,177,0.19465597623623324,-0.7599999979059574,176,0,1,1,0
NORMAL,AEGIS,1,157,0.18980436669400172,-0.5700000006930163,157,0,0,0,0
NORMAL,AEGIS,1,193,0.1727706323949248,-0.9300000024870653,193,0,0,0,0
NORMAL,AEGIS,1,181,0.16844921277918604,-0.8100000045455167,181,0,0,0,0
NORMAL,AEGIS,1,142,0.17170095963548657,-0.4200000011127534,142,0,0,0,0
NORMAL,AEGIS,1,167,0.18184310311244983,-0.669999998780402,167,0,0,0,0
NORMAL,AEGIS,1,85,0.19688783986350492,0.14999999644507267,85,0,0,0,0
NORMAL,AEGIS,1,181,0.16945013482193558,-0.8099999989463355,181,0,0,0,0
NORMAL,AEGIS,1,167,0.1996411150251686,-0.6700000026215034,167,0,0,0,0
NORMAL,AEGIS,1,134,0.16266838947423523,-0.33999999795945124,134,0,0,0,0
NORMAL,AEGIS,1,178,0.18471335048517057,-0.7799999980717094,178,0,0,0,0
NORMAL,AEGIS,1,177,0.19606118114520904,-0.7699999962930661,177,0,0,0,0
NORMAL,AEGIS,1,166,0.1806866768124518,-0.6600000026347367,166,0,0,0,0
NORMAL,AEGIS,1,114,0.19276054941394566,-0.13999999942826735,114,0,0,0,0
NORMAL,AEGIS,1,148,0.17882973625654627,-0.4799999952032751,148,0,0,0,0
NORMAL,AEGIS,1,179,0.163777059698889,-0.7899999968756507,179,0,0,0,0
NORMAL,AEGIS,1,199,0.175794491266703,-0.9900000020007983,199,0,0,0,0
NORMAL,AEGIS,1,187,0.196822990339942,-0.8699999956227173,187,0,0,0,0
NORMAL,AEGIS,1,153,0.18041121231579316,-0.5299999973381512,153,0,0,0,0
NORMAL,AEGIS,1,91,0.19548707244001973,0.09000000397582386,91,0,0,0,0
NORMAL,AEGIS,1,112,0.1824244972135782,-0.11000000144339472,111,0,1,1,0
NORMAL,AEGIS,1,175,0.16038099399898115,-0.7500000003441892,175,0,0,0,0
NORMAL,AEGIS,1,189,0.19344333573367567,-0.8800000021173896,188,0,1,1,0
NORMAL,AEGIS,1,185,0.1967746288888671,-0.8400000005684333,184,0,1,1,0
NORMAL,AEGIS,1,159,0.19177642665183545,-0.5900000020883843,159,0,0,0,0
BIASED,ALWAYS_ACT,1,178,0.19326183734022864,-0.7799999957590522,178,0,0,178,178
BIASED,ALWAYS_ACT,1,89,0.19286478137799254,0.10999999903302926,89,0,0,89,89
BIASED,ALWAYS_ACT,1,144,0.18797602678558673,-0.440000003623502,144,0,0,144,144
BIASED,ALWAYS_ACT,1,198,0.1817297212057474,-0.9800000045408378,198,0,0,198,198
BIASED,ALWAYS_ACT,1,207,0.19593914762672932,-1.070000001816232,207,0,0,207,207
BIASED,ALWAYS_ACT,1,188,0.15685630324128194,-0.8799999990667187,188,0,0,188,188
BIASED,ALWAYS_ACT,1,120,0.19974138539561892,-0.20000000117704042,120,0,0,120,120
BIASED,ALWAYS_ACT,1,190,0.1978233232957578,-0.9000000036969384,190,0,0,190,190
BIASED,ALWAYS_ACT,1,173,0.18058971329179538,-0.7299999990466677,173,0,0,173,173
BIASED,ALWAYS_ACT,1,141,0.18686435213701189,-0.409999998481275,141,0,0,141,141
BIASED,ALWAYS_ACT,1,136,0.1887142104279924,-0.3599999953087415,136,0,0,136,136
BIASED,ALWAYS_ACT,1,172,0.19857173185606167,-0.720000000922896,172,0,0,172,172
BIASED,ALWAYS_ACT,1,190,0.1528122277777584,-0.8999999943359961,190,0,0,190,190
BIASED,ALWAYS_ACT,1,119,0.17781471042246105,-0.19000000093603542,119,0,0,119,119
BIASED,ALWAYS_ACT,1,130,0.17307537627042274,-0.30000000108156655,130,0,0,130,130
BIASED,ALWAYS_ACT,1,169,0.1913257781478705,-0.6900000011903997,169,0,0,169,169
BIASED,ALWAYS_ACT,1,112,0.1989079483356509,-0.12000000029276703,112,0,0,112,112
BIASED,ALWAYS_ACT,1,77,0.18137599894451822,0.2299999988644401,77,0,0,77,77
BIASED,ALWAYS_ACT,1,60,0.18928402531995706,0.40000000195652574,60,0,0,60,60
BIASED,ALWAYS_ACT,1,175,0.17233789427289925,-0.7499999965884724,175,0,0,175,175
BIASED,ALWAYS_ACT,1,170,0.15837391972250234,-0.7000000004233979,170,0,0,170,170
BIASED,ALWAYS_ACT,1,178,0.17589879230248814,-0.7800000017170275,178,0,0,178,178
BIASED,ALWAYS_ACT,1,149,0.16277862974540838,-0.4900000042690714,149,0,0,149,149
BIASED,ALWAYS_ACT,1,127,0.18749705626359836,-0.27000000107792643,127,0,0,127,127
BIASED,ALWAYS_ACT,1,165,0.17812679979632043,-0.6499999962643882,165,0,0,165,165
BIASED,ALWAYS_ACT,1,77,0.19118549750063493,0.22999999979928387,77,0,0,77,77
BIASED,ALWAYS_ACT,1,57,0.1856183543410199,0.42999999956342194,57,0,0,57,57
BIASED,ALWAYS_ACT,1,129,0.1937073657416605,-0.29000000277121973,129,0,0,129,129
BIASED,ALWAYS_ACT,1,145,0.16106868387113904,-0.4500000022648224,145,0,0,145,145
BIASED,ALWAYS_ACT,1,163,0.18833590061613062,-0.6300000018983631,163,0,0,163,163
BIASED,ALWAYS_ACT,1,76,0.18192836453396355,0.24000000084170048,76,0,0,76,76
BIASED,ALWAYS_ACT,1,83,0.19306642620705086,0.16999999829651724,83,0,0,83,83
BIASED,ALWAYS_ACT,1,68,0.19174891576237799,0.31999999862805795,68,0,0,68,68
BIASED,ALWAYS_ACT,1,140,0.17403548720015635,-0.39999999986651047,140,0,0,140,140
BIASED,ALWAYS_ACT,1,132,0.17137039771901702,-0.3199999984313132,132,0,0,132,132
BIASED,ALWAYS_ACT,1,132,0.18531562622656766,-0.3199999988418133,132,0,0,132,132
BIASED,ALWAYS_ACT,1,177,0.1950377839129227,-0.7699999987567554,177,0,0,177,177
BIASED,ALWAYS_ACT,1,184,0.18741945530843312,-0.8400000001656639,184,0,0,184,184
BIASED,ALWAYS_ACT,1,190,0.18801664687536668,-0.8999999975274964,190,0,0,190,190
BIASED,ALWAYS_ACT,1,164,0.18106310971657394,-0.64000000299484,164,0,0,164,164
BIASED,ALWAYS_ACT,1,142,0.19610173373774148,-0.4199999975369879,142,0,0,142,142
BIASED,ALWAYS_ACT,1,163,0.1777034431989804,-0.6300000000554872,163,0,0,163,163
BIASED,ALWAYS_ACT,1,159,0.188696668409391,-0.590000004227401,159,0,0,159,159
BIASED,ALWAYS_ACT,1,159,0.17381865012086284,-0.58999999806953,159,0,0,159,159
BIASED,ALWAYS_ACT,1,187,0.17130984254421747,-0.8699999983887357,187,0,0,187,187
BIASED,ALWAYS_ACT,1,160,0.16551090691356454,-0.600000001342933,160,0,0,160,160
BIASED,ALWAYS_ACT,1,206,0.17259787772301563,-1.0599999968751685,206,0,0,206,206
BIASED,ALWAYS_ACT,1,124,0.18746064005748297,-0.24000000091815354,124,0,0,124,124
BIASED,ALWAYS_ACT,1,185,0.1877118305510793,-0.8499999985374347,185,0,0,185,185
BIASED,ALWAYS_ACT,1,165,0.16929048328396165,-0.6499999979037274,165,0,0,165,165
BIASED,ALWAYS_ACT,1,138,0.17057798213532893,-0.37999999512732796,138,0,0,138,138
BIASED,ALWAYS_ACT,1,92,0.19652995798844844,0.08000000010458908,92,0,0,92,92
BIASED,ALWAYS_ACT,1,166,0.16211350432477178,-0.659999998542502,166,0,0,166,166
BIASED,ALWAYS_ACT,1,137,0.1888387366893601,-0.3700000004494217,137,0,0,137,137
BIASED,ALWAYS_ACT,1,71,0.19730254182566934,0.2900000019005965,71,0,0,71,71
BIASED,ALWAYS_ACT,1,140,0.19666030977596946,-0.4000000017658759,140,0,0,140,140
BIASED,ALWAYS_ACT,1,98,0.18167548750502183,0.02000000143734082,98,0,0,98,98
BIASED,ALWAYS_ACT,1,180,0.19254525107292264,-0.80000000347309,180,0,0,180,180
BIASED,ALWAYS_ACT,1,146,0.162545897364335,-0.46000000056156887,146,0,0,146,146
BIASED,ALWAYS_ACT,1,203,0.1941701600207948,-1.0300000005462773,203,0,0,203,203
BIASED,ALWAYS_ACT,1,164,0.19378281301226513,-0.640000000394784,164,0,0,164,164
BIASED,ALWAYS_ACT,1,118,0.177157844232103,-0.18000000275398542,118,0,0,118,118
BIASED,ALWAYS_ACT,1,167,0.19132473648130502,-0.6700000009099737,167,0,0,167,167
BIASED,ALWAYS_ACT,1,185,0.1675270815324314,-0.84999999711023,185,0,0,185,185
BIASED,ALWAYS_ACT,1,158,0.17145499878598985,-0.5799999982512554,158,0,0,158,158
BIASED,ALWAYS_ACT,1,172,0.1675804638825792,-0.7200000010449151,172,0,0,172,172
BIASED,ALWAYS_ACT,1,172,0.15219490225359866,-0.720000002027573,172,0,0,172,172
BIASED,ALWAYS_ACT,1,80,0.17891773727774535,0.1999999994967634,80,0,0,80,80
BIASED,ALWAYS_ACT,1,158,0.16880748009921692,-0.5799999979423338,158,0,0,158,158
BIASED,ALWAYS_ACT,1,182,0.18803771995322366,-0.8200000002027348,182,0,0,182,182
BIASED,ALWAYS_ACT,1,175,0.15875926510158028,-0.7500000026194936,175,0,0,175,175
BIASED,ALWAYS_ACT,1,116,0.17129954048064516,-0.16000000485628307,116,0,0,116,116
BIASED,ALWAYS_ACT,1,141,0.16146366710572532,-0.4099999998465841,141,0,0,141,141
BIASED,ALWAYS_ACT,1,157,0.16278481977497972,-0.569999997092783,157,0,0,157,157
BIASED,ALWAYS_ACT,1,170,0.16140368675937547,-0.6999999996338251,170,0,0,170,170
BIASED,ALWAYS_ACT,1,177,0.16399702378460715,-0.7699999985441711,177,0,0,177,177
BIASED,ALWAYS_ACT,1,157,0.19003396250849985,-0.5699999985935603,157,0,0,157,157
BIASED,ALWAYS_ACT,1,193,0.17290135614542473,-0.9300000008762973,193,0,0,193,193
BIASED,ALWAYS_ACT,1,181,0.16859334578581162,-0.8099999977318777,181,0,0,181,181
BIASED,ALWAYS_ACT,1,142,0.171979396890994,-0.41999999967163615,142,0,0,142,142
BIASED,ALWAYS_ACT,1,167,0.18198601283079224,-0.6700000006695179,167,0,0,167,167
BIASED,ALWAYS_ACT,1,85,0.19727593176788757,0.14999999880596449,85,0,0,85,85
BIASED,ALWAYS_ACT,1,181,0.16959802685608155,-0.809999999440883,181,0,0,181,181
BIASED,ALWAYS_ACT,1,167,0.19976745581892577,-0.6699999970076994,167,0,0,167,167
BIASED,ALWAYS_ACT,1,134,0.1631060275498345,-0.3400000005233733,134,0,0,134,134
BIASED,ALWAYS_ACT,1,178,0.18482493478298742,-0.7800000016922276,178,0,0,178,178
BIASED,ALWAYS_ACT,1,177,0.1962618095233569,-0.7699999962962332,177,0,0,177,177
BIASED,ALWAYS_ACT,1,166,0.18094632725647314,-0.659999997694181,166,0,0,166,166
BIASED,ALWAYS_ACT,1,114,0.19289090125013106,-0.13999999948234398,114,0,0,114,114
BIASED,ALWAYS_ACT,1,148,0.17904212768611333,-0.47999999834382356,148,0,0,148,148
BIASED,ALWAYS_ACT,1,179,0.1639701557721098,-0.7900000034427872,179,0,0,179,179
BIASED,ALWAYS_ACT,1,199,0.1759691950198552,-0.9899999957325146,199,0,0,199,199
BIASED,ALWAYS_ACT,1,187,0.19690531135924652,-0.8699999980343865,187,0,0,187,187
BIASED,ALWAYS_ACT,1,153,0.18073774529400596,-0.5299999995096007,153,0,0,153,153
BIASED,ALWAYS_ACT,1,91,0.1959836437152075,0.08999999783338741,91,0,0,91,91
BIASED,ALWAYS_ACT,1,112,0.17913894135050606,-0.12000000221704965,112,0,0,112,112
BIASED,ALWAYS_ACT,1,175,0.16056058543976814,-0.750000002913283,175,0,0,175,175
BIASED,ALWAYS_ACT,1,189,0.16390969220347648,-0.8899999973744598,189,0,0,189,189
BIASED,ALWAYS_ACT,1,185,0.1724132392280831,-0.8500000017458219,185,0,0,185,185
BIASED,ALWAYS_ACT,1,159,0.19203051571135227,-0.5899999986964138,159,0,0,159,159
BIASED,AEGIS,0,300,4.687679694857795,0.0,0,0,300,300,0
BIASED,AEGIS,0,300,1.3091598431446434,0.0,0,0,300,300,0
BIASED,AEGIS,0,300,3.125417782283737,0.0,0,0,300,300,0
BIASED,AEGIS,0,300,5.746358017566069,0.0,0,0,300,300,0
BIASED,AEGIS,0,300,6.279244204139236,0.0,0,0,300,300,0
BIASED,AEGIS,0,300,5.172289205868478,0.0,0,0,300,300,0
BIASED,AEGIS,0,300,2.2365377701504654,0.0,0,0,300,300,0
BIASED,AEGIS,0,300,5.320759941557839,0.0,0,0,300,300,0
BIASED,AEGIS,0,300,4.425559182739646,0.0,0,0,300,300,0
BIASED,AEGIS,0,300,3.0027552267468085,0.0,0,0,300,300,0
BIASED,AEGIS,0,300,2.807723230417447,0.0,0,0,300,300,0
BIASED,AEGIS,0,300,4.394446737276569,0.0,0,0,300,300,0
BIASED,AEGIS,0,300,5.275701235496288,0.0,0,0,300,300,0
BIASED,AEGIS,0,300,2.1808971879218952,0.0,0,0,300,300,0
BIASED,AEGIS,0,300,2.5653309257346235,0.0,0,0,300,300,0
BIASED,AEGIS,0,300,4.241768618099169,0.0,0,0,300,300,0
BIASED,AEGIS,0,300,1.9722951057969267,0.0,0,0,300,300,0
BIASED,AEGIS,0,300,1.0156235205733186,0.0,0,0,300,300,0
BIASED,AEGIS,0,300,0.6930136352843751,0.0,0,0,300,300,0
BIASED,AEGIS,0,300,4.516374318878635,0.0,0,0,300,300,0
BIASED,AEGIS,0,300,4.25682937372515,0.0,0,0,300,300,0
BIASED,AEGIS,0,300,4.6704868310810745,0.0,0,0,300,300,0
BIASED,AEGIS,0,300,3.3083936413746073,0.0,0,0,300,300,0
BIASED,AEGIS,0,300,2.470298398132908,0.0,0,0,300,300,0
BIASED,AEGIS,0,300,4.0384280554276355,0.0,0,0,300,300,0
BIASED,AEGIS,0,300,1.0254945173683472,0.0,0,0,300,300,0
BIASED,AEGIS,0,300,0.6399337714449426,0.0,0,0,300,300,0
BIASED,AEGIS,0,300,2.549221657958334,0.0,0,0,300,300,0
BIASED,AEGIS,0,300,3.139454808228899,0.0,0,0,300,300,0
BIASED,AEGIS,0,300,3.9552857408486037,0.0,0,0,300,300,0
BIASED,AEGIS,0,300,0.9939418120286061,0.0,0,0,300,300,0
BIASED,AEGIS,0,300,1.1636926355609671,0.0,0,0,300,300,0
BIASED,AEGIS,0,300,0.8412897421733367,0.0,0,0,300,300,0
BIASED,AEGIS,0,300,2.950114900069349,0.0,0,0,300,300,0
BIASED,AEGIS,0,300,2.638038536507906,0.0,0,0,300,300,0
BIASED,AEGIS,0,300,2.6518920471753717,0.0,0,0,300,300,0
BIASED,AEGIS,0,300,4.639071950526171,0.0,0,0,300,300,0
BIASED,AEGIS,0,300,4.990838785497843,0.0,0,0,300,300,0
BIASED,AEGIS,0,300,5.31092279741107,0.0,0,0,300,300,0
BIASED,AEGIS,0,300,3.994541201029319,0.0,0,0,300,300,0
BIASED,AEGIS,0,300,3.052163769866454,0.0,0,0,300,300,0
BIASED,AEGIS,0,300,3.9445383695985115,0.0,0,0,300,300,0
BIASED,AEGIS,0,300,3.7724291998904604,0.0,0,0,300,300,0
BIASED,AEGIS,0,300,3.7577300980970487,0.0,0,0,300,300,0
BIASED,AEGIS,0,300,5.133212235784221,0.0,0,0,300,300,0
BIASED,AEGIS,0,300,3.7945513368478894,0.0,0,0,300,300,0
BIASED,AEGIS,0,300,6.19719760086649,0.0,0,0,300,300,0
BIASED,AEGIS,0,300,2.3631525611993633,0.0,0,0,300,300,0
BIASED,AEGIS,0,300,5.043812851794609,0.0,0,0,300,300,0
BIASED,AEGIS,0,300,4.029633372766201,0.0,0,0,300,300,0
BIASED,AEGIS,0,300,2.8675610483385876,0.0,0,0,300,300,0
BIASED,AEGIS,0,300,1.3904730691026452,0.0,0,0,300,300,0
BIASED,AEGIS,0,300,4.0693855604135285,0.0,0,0,300,300,0
BIASED,AEGIS,0,300,2.846606012034861,0.0,0,0,300,300,0
BIASED,AEGIS,0,300,0.9054216621002555,0.0,0,0,300,300,0
BIASED,AEGIS,0,300,2.9726175197366183,0.0,0,0,300,300,0
BIASED,AEGIS,0,300,1.537538289933744,0.0,0,0,300,300,0
BIASED,AEGIS,0,300,4.788888883447463,0.0,0,0,300,300,0
BIASED,AEGIS,0,300,3.182569453536354,0.0,0,0,300,300,0
BIASED,AEGIS,0,300,6.044148465456114,0.0,0,0,300,300,0
BIASED,AEGIS,0,300,4.007388972658718,0.0,0,0,300,300,0
BIASED,AEGIS,0,300,2.1462124980631985,0.0,0,0,300,300,0
BIASED,AEGIS,0,300,4.14619119995485,0.0,0,0,300,300,0
BIASED,AEGIS,0,300,5.023590589674939,0.0,0,0,300,300,0
BIASED,AEGIS,0,300,3.7101668589079564,0.0,0,0,300,300,0
BIASED,AEGIS,0,300,4.363256004787455,0.0,0,0,300,300,0
BIASED,AEGIS,0,300,4.3479289383432596,0.0,0,0,300,300,0
BIASED,AEGIS,0,300,1.0795734220946167,0.0,0,0,300,300,0
BIASED,AEGIS,0,300,3.7075331476456017,0.0,0,0,300,300,0
BIASED,AEGIS,0,300,4.887523255270779,0.0,0,0,300,300,0
BIASED,AEGIS,0,300,4.502736975397977,0.0,0,0,300,300,0
BIASED,AEGIS,0,300,2.0741119332336586,0.0,0,0,300,300,0
BIASED,AEGIS,0,300,2.9770987140999483,0.0,0,0,300,300,0
BIASED,AEGIS,0,300,3.656683689384958,0.0,0,0,300,300,0
BIASED,AEGIS,0,300,4.259949459956227,0.0,0,0,300,300,0
BIASED,AEGIS,0,300,4.608026324432407,0.0,0,0,300,300,0
BIASED,AEGIS,0,300,3.6839465756901664,0.0,0,0,300,300,0
BIASED,AEGIS,0,300,5.459328142340499,0.0,0,0,300,300,0
BIASED,AEGIS,0,300,4.8164934167015,0.0,0,0,300,300,0
BIASED,AEGIS,0,300,3.0282966805185603,0.0,0,0,300,300,0
BIASED,AEGIS,0,300,4.1366358823212845,0.0,0,0,300,300,0
BIASED,AEGIS,0,300,1.2154317467411206,0.0,0,0,300,300,0
BIASED,AEGIS,0,300,4.81753001111986,0.0,0,0,300,300,0
BIASED,AEGIS,0,300,4.154505356044614,0.0,0,0,300,300,0
BIASED,AEGIS,0,300,2.7050611209620143,0.0,0,0,300,300,0
BIASED,AEGIS,0,300,4.679470700517955,0.0,0,0,300,300,0
BIASED,AEGIS,0,300,4.64036769638979,0.0,0,0,300,300,0
BIASED,AEGIS,0,300,4.08818209623218,0.0,0,0,300,300,0
BIASED,AEGIS,0,300,2.030520894764175,0.0,0,0,300,300,0
BIASED,AEGIS,0,300,3.282624969067495,0.0,0,0,300,300,0
BIASED,AEGIS,0,300,4.709328066645769,0.0,0,0,300,300,0
BIASED,AEGIS,0,300,5.797040354710815,0.0,0,0,300,300,0
BIASED,AEGIS,0,300,5.158798178180091,0.0,0,0,300,300,0
BIASED,AEGIS,0,300,3.4981468934894964,0.0,0,0,300,300,0
BIASED,AEGIS,0,300,1.3636245142775483,0.0,0,0,300,300,0
BIASED,AEGIS,0,300,1.9524453048882655,0.0,0,0,300,300,0
BIASED,AEGIS,0,300,4.504385034891846,0.0,0,0,300,300,0
BIASED,AEGIS,0,300,5.232856678631088,0.0,0,0,300,300,0
BIASED,AEGIS,0,300,5.028413928289192,0.0,0,0,300,300,0
BIASED,AEGIS,0,300,3.7757173152977046,0.0,0,0,300,300,0
HEAVY_TAIL,ALWAYS_ACT,1,178,0.19363284235580894,-0.7800000007309865,178,0,0,12,12
HEAVY_TAIL,ALWAYS_ACT,1,89,0.19418530003523723,0.10999999984510833,89,0,0,5,5
HEAVY_TAIL,ALWAYS_ACT,1,144,0.18846550257411745,-0.44000000071950673,144,0,0,10,10
HEAVY_TAIL,ALWAYS_ACT,1,198,0.18257021408819799,-0.9800000010586859,198,0,0,21,21
HEAVY_TAIL,ALWAYS_ACT,1,207,0.19623623072096769,-1.0700000009442558,207,0,0,20,20
HEAVY_TAIL,ALWAYS_ACT,1,188,0.1575847572204273,-0.8800000002197313,188,0,0,14,14
HEAVY_TAIL,ALWAYS_ACT,1,121,0.16597060588478518,-0.2099999988964668,121,0,0,13,13
HEAVY_TAIL,ALWAYS_ACT,1,190,0.1980558402084759,-0.9000000013305217,190,0,0,15,15
HEAVY_TAIL,ALWAYS_ACT,1,173,0.18184760124569865,-0.7300000056123258,173,0,0,19,19
HEAVY_TAIL,ALWAYS_ACT,1,141,0.18756882121208843,-0.41000000007126935,141,0,0,7,7
HEAVY_TAIL,ALWAYS_ACT,1,136,0.19033005467750913,-0.3599999996431421,136,0,0,13,13
HEAVY_TAIL,ALWAYS_ACT,1,172,0.19997743971509488,-0.7199999981608299,172,0,0,15,15
HEAVY_TAIL,ALWAYS_ACT,1,190,0.15308149866003362,-0.9000000011245727,190,0,0,16,16
HEAVY_TAIL,ALWAYS_ACT,1,119,0.17986549927367013,-0.19000000225403135,119,0,0,11,11
HEAVY_TAIL,ALWAYS_ACT,1,130,0.17490407308541445,-0.3000000023874,130,0,0,10,10
HEAVY_TAIL,ALWAYS_ACT,1,169,0.19189163344216342,-0.6899999983732333,169,0,0,8,8
HEAVY_TAIL,ALWAYS_ACT,1,112,0.1991669009781381,-0.11999999805088812,112,0,0,5,5
HEAVY_TAIL,ALWAYS_ACT,1,77,0.18376804287870832,0.2300000003250151,77,0,0,9,9
HEAVY_TAIL,ALWAYS_ACT,1,60,0.1908198493314495,0.4000000028742855,60,0,0,5,5
HEAVY_TAIL,ALWAYS_ACT,1,175,0.17301896045803153,-0.7499999997343862,175,0,0,13,13
HEAVY_TAIL,ALWAYS_ACT,1,170,0.1585749893412051,-0.6999999998552421,170,0,0,15,15
HEAVY_TAIL,ALWAYS_ACT,1,178,0.17693853141935864,-0.779999999425647,178,0,0,17,17
HEAVY_TAIL,ALWAYS_ACT,1,149,0.16436132400103087,-0.48999999967496244,149,0,0,18,18
HEAVY_TAIL,ALWAYS_ACT,1,127,0.18886525719399883,-0.26999999964167043,127,0,0,10,10
HEAVY_TAIL,ALWAYS_ACT,1,165,0.17840161893491857,-0.6500000041710384,165,0,0,15,15
HEAVY_TAIL,ALWAYS_ACT,1,77,0.19127197299453377,0.23000000014562993,77,0,0,4,4
HEAVY_TAIL,ALWAYS_ACT,1,57,0.18739348622477006,0.42999999890442187,57,0,0,3,3
HEAVY_TAIL,ALWAYS_ACT,1,129,0.1939789014411639,-0.28999999898390194,129,0,0,11,11
HEAVY_TAIL,ALWAYS_ACT,1,145,0.16186938952325858,-0.44999999996010387,145,0,0,13,13
HEAVY_TAIL,ALWAYS_ACT,1,163,0.1900543502435199,-0.6299999977678248,163,0,0,16,16
HEAVY_TAIL,ALWAYS_ACT,1,76,0.18208983800535486,0.2400000005199442,76,0,0,4,4
HEAVY_TAIL,ALWAYS_ACT,1,83,0.19338086979528385,0.1700000007289516,83,0,0,10,10
HEAVY_TAIL,ALWAYS_ACT,1,69,0.1812253263742022,0.31000000045532805,69,0,0,5,5
HEAVY_TAIL,ALWAYS_ACT,1,140,0.17446372543096084,-0.399999999332594,140,0,0,12,12
HEAVY_TAIL,ALWAYS_ACT,1,132,0.17272941398228608,-0.31999999878570995,132,0,0,13,13
HEAVY_TAIL,ALWAYS_ACT,1,132,0.18739242482153956,-0.31999999736880136,132,0,0,19,19
HEAVY_TAIL,ALWAYS_ACT,1,177,0.19554590528446347,-0.7699999978731387,177,0,0,18,18
HEAVY_TAIL,ALWAYS_ACT,1,184,0.18809100902135734,-0.839999999754635,184,0,0,15,15
HEAVY_TAIL,ALWAYS_ACT,1,190,0.1891696964329644,-0.8999999971369598,190,0,0,19,19
HEAVY_TAIL,ALWAYS_ACT,1,164,0.18251904376885017,-0.6399999982904055,164,0,0,22,22
HEAVY_TAIL,ALWAYS_ACT,1,142,0.1968834975985364,-0.4199999985409819,142,0,0,15,15
HEAVY_TAIL,ALWAYS_ACT,1,163,0.17802723616595476,-0.6300000001157419,163,0,0,15,15
HEAVY_TAIL,ALWAYS_ACT,1,159,0.18950666142903735,-0.5899999985498652,159,0,0,14,14
HEAVY_TAIL,ALWAYS_ACT,1,159,0.1747824951356155,-0.5899999997745216,159,0,0,11,11
HEAVY_TAIL,ALWAYS_ACT,1,187,0.17167413117944985,-0.8700000021620449,187,0,0,20,20
HEAVY_TAIL,ALWAYS_ACT,1,160,0.16603151006320338,-0.600000002127885,160,0,0,18,18
HEAVY_TAIL,ALWAYS_ACT,1,206,0.17302275002771353,-1.0599999945976892,206,0,0,13,13
HEAVY_TAIL,ALWAYS_ACT,1,124,0.19046791944323072,-0.24000000035783364,124,0,0,12,12
HEAVY_TAIL,ALWAYS_ACT,1,185,0.18763861868362341,-0.8500000013927177,185,0,0,12,12
HEAVY_TAIL,ALWAYS_ACT,1,165,0.1698506056177151,-0.6499999988505701,165,0,0,13,13
HEAVY_TAIL,ALWAYS_ACT,1,138,0.17183486560052827,-0.3799999979665051,138,0,0,13,13
HEAVY_TAIL,ALWAYS_ACT,1,92,0.19785885456151547,0.07999999875481412,92,0,0,9,9
HEAVY_TAIL,ALWAYS_ACT,1,166,0.16236548108572602,-0.6599999992804442,166,0,0,15,15
HEAVY_TAIL,ALWAYS_ACT,1,137,0.1902226018680972,-0.37000000170248915,137,0,0,11,11
HEAVY_TAIL,ALWAYS_ACT,1,71,0.19910206036338388,0.289999999520711,71,0,0,10,10
HEAVY_TAIL,ALWAYS_ACT,1,140,0.19749984030955622,-0.40000000332917574,140,0,0,12,12
HEAVY_TAIL,ALWAYS_ACT,1,98,0.18353306050887952,0.02000000030522142,98,0,0,10,10
HEAVY_TAIL,ALWAYS_ACT,1,180,0.19333861765178212,-0.7999999984961156,180,0,0,15,15
HEAVY_TAIL,ALWAYS_ACT,1,146,0.16279172669814232,-0.4600000021076538,146,0,0,7,7
HEAVY_TAIL,ALWAYS_ACT,1,203,0.1946362253931655,-1.0300000003646854,203,0,0,17,17
HEAVY_TAIL,ALWAYS_ACT,1,164,0.19424129933017423,-0.6399999975319154,164,0,0,15,15
HEAVY_TAIL,ALWAYS_ACT,1,118,0.17760296154045432,-0.17999999893693397,118,0,0,10,10
HEAVY_TAIL,ALWAYS_ACT,1,167,0.191480555201666,-0.6699999977360057,167,0,0,10,10
HEAVY_TAIL,ALWAYS_ACT,1,185,0.16808362595453616,-0.849999997436549,185,0,0,16,16
HEAVY_TAIL,ALWAYS_ACT,1,158,0.1727645510490095,-0.5799999982192597,158,0,0,20,20
HEAVY_TAIL,ALWAYS_ACT,1,172,0.16794296879579262,-0.720000002103443,172,0,0,11,11
HEAVY_TAIL,ALWAYS_ACT,1,172,0.15272234586155278,-0.7199999974269394,172,0,0,12,12
HEAVY_TAIL,ALWAYS_ACT,1,80,0.1808315072841441,0.19999999937022162,80,0,0,7,7
HEAVY_TAIL,ALWAYS_ACT,1,158,0.16964262103078517,-0.5800000013765307,158,0,0,11,11
HEAVY_TAIL,ALWAYS_ACT,1,182,0.18835418045896696,-0.8199999958078469,182,0,0,16,16
HEAVY_TAIL,ALWAYS_ACT,1,175,0.15916241653120375,-0.750000001036832,175,0,0,11,11
HEAVY_TAIL,ALWAYS_ACT,1,116,0.1722625679523189,-0.15999999845974788,116,0,0,10,10
HEAVY_TAIL,ALWAYS_ACT,1,141,0.16186438440253917,-0.41000000150777194,141,0,0,13,13
HEAVY_TAIL,ALWAYS_ACT,1,157,0.16346143032348856,-0.570000003273895,157,0,0,13,13
HEAVY_TAIL,ALWAYS_ACT,1,170,0.16296103139934126,-0.6999999997524076,170,0,0,20,20
HEAVY_TAIL,ALWAYS_ACT,1,177,0.1648416267459829,-0.7699999978033834,177,0,0,15,15
HEAVY_TAIL,ALWAYS_ACT,1,157,0.1903454809720733,-0.5700000008934492,157,0,0,9,9
HEAVY_TAIL,ALWAYS_ACT,1,193,0.17336847757716087,-0.9299999985161399,193,0,0,15,15
HEAVY_TAIL,ALWAYS_ACT,1,181,0.16961482758388097,-0.8100000006459395,181,0,0,23,23
HEAVY_TAIL,ALWAYS_ACT,1,142,0.17288207710380513,-0.4200000011341888,142,0,0,14,14
HEAVY_TAIL,ALWAYS_ACT,1,167,0.18219929442548366,-0.6700000019075399,167,0,0,15,15
HEAVY_TAIL,ALWAYS_ACT,1,86,0.1766740986583532,0.1400000004782771,86,0,0,8,8
HEAVY_TAIL,ALWAYS_ACT,1,181,0.1706370466468836,-0.8099999994069467,181,0,0,12,12
HEAVY_TAIL,ALWAYS_ACT,1,168,0.15240703300579383,-0.6800000004964313,168,0,0,17,17
HEAVY_TAIL,ALWAYS_ACT,1,134,0.16327068350779345,-0.3400000012918295,134,0,0,11,11
HEAVY_TAIL,ALWAYS_ACT,1,178,0.18613438753814726,-0.7800000005506887,178,0,0,14,14
HEAVY_TAIL,ALWAYS_ACT,1,177,0.19801462155593255,-0.7699999974250464,177,0,0,23,23
HEAVY_TAIL,ALWAYS_ACT,1,166,0.1813487798226719,-0.6599999983076086,166,0,0,6,6
HEAVY_TAIL,ALWAYS_ACT,1,114,0.19443297799103496,-0.1400000000650159,114,0,0,10,10
HEAVY_TAIL,ALWAYS_ACT,1,148,0.18052059160063555,-0.4799999964491527,148,0,0,17,17
HEAVY_TAIL,ALWAYS_ACT,1,179,0.16529843599703908,-0.7899999964216182,179,0,0,15,15
HEAVY_TAIL,ALWAYS_ACT,1,199,0.1763423434481233,-0.9899999981321783,199,0,0,17,17
HEAVY_TAIL,ALWAYS_ACT,1,187,0.19791679192779696,-0.8700000001232558,187,0,0,18,18
HEAVY_TAIL,ALWAYS_ACT,1,153,0.18148174313250234,-0.5299999998062506,153,0,0,13,13
HEAVY_TAIL,ALWAYS_ACT,1,91,0.19714771842878812,0.08999999964294725,91,0,0,7,7
HEAVY_TAIL,ALWAYS_ACT,1,112,0.18123504045251906,-0.12000000212267359,112,0,0,9,9
HEAVY_TAIL,ALWAYS_ACT,1,175,0.16067590812678564,-0.7500000002401612,175,0,0,15,15
HEAVY_TAIL,ALWAYS_ACT,1,189,0.1652490290928927,-0.890000004062896,189,0,0,24,24
HEAVY_TAIL,ALWAYS_ACT,1,185,0.1734357472945898,-0.850000002021047,185,0,0,23,23
HEAVY_TAIL,ALWAYS_ACT,1,159,0.19251752759354476,-0.5900000018326046,159,0,0,17,17
HEAVY_TAIL,AEGIS,1,185,0.1953729221655679,-0.7300000025186965,173,0,12,12,0
HEAVY_TAIL,AEGIS,1,92,0.19471574344825382,0.1299999972652004,87,0,5,5,0
HEAVY_TAIL,AEGIS,1,149,0.16906840922409802,-0.39000000150732417,139,0,10,10,0
HEAVY_TAIL,AEGIS,1,211,0.15512393760979404,-0.8899999989996137,189,0,22,22,0
HEAVY_TAIL,AEGIS,1,219,0.1822603181797288,-0.9900000041388486,199,0,20,20,0
HEAVY_TAIL,AEGIS,1,195,0.1937262453726134,-0.7999999990414657,180,0,15,15,0
HEAVY_TAIL,AEGIS,1,128,0.16974341894461106,-0.14999999667455777,115,0,13,13,0
HEAVY_TAIL,AEGIS,1,199,0.1590946999901749,-0.839999998299518,184,0,15,15,0
HEAVY_TAIL,AEGIS,1,183,0.18611670109116132,-0.6399999993679627,164,0,19,19,0
HEAVY_TAIL,AEGIS,1,146,0.19298038060084927,-0.3900000009024931,139,0,7,7,0
HEAVY_TAIL,AEGIS,1,143,0.18073730768968413,-0.29999999656394283,130,0,13,13,0
HEAVY_TAIL,AEGIS,1,180,0.18542847391644582,-0.6300000018767417,163,0,17,17,0
HEAVY_TAIL,AEGIS,1,197,0.16693899096480336,-0.8100000026632139,181,0,16,16,0
HEAVY_TAIL,AEGIS,1,125,0.17556714604940354,-0.12999999867435863,113,0,12,12,0
HEAVY_TAIL,AEGIS,1,135,0.19288191586138928,-0.25000000334998296,125,0,10,10,0
HEAVY_TAIL,AEGIS,1,174,0.17728532194767704,-0.6599999977409169,166,0,8,8,0
HEAVY_TAIL,AEGIS,1,115,0.17396788977052952,-0.09999999944585525,110,0,5,5,0
HEAVY_TAIL,AEGIS,1,82,0.19054888253055977,0.27000000042868666,73,0,9,9,0
HEAVY_TAIL,AEGIS,1,63,0.1956058762150067,0.4200000002340736,58,0,5,5,0
HEAVY_TAIL,AEGIS,1,182,0.19384356621523555,-0.6800000027022997,168,0,14,14,0
HEAVY_TAIL,AEGIS,1,178,0.1577073535884837,-0.62999999765726,163,0,15,15,0
HEAVY_TAIL,AEGIS,1,189,0.1575428184718742,-0.6900000011553351,169,0,20,20,0
HEAVY_TAIL,AEGIS,1,157,0.18603640360250936,-0.38999999838954813,139,0,18,18,0
HEAVY_TAIL,AEGIS,1,133,0.18557510364551066,-0.23000000127862574,123,0,10,10,0
HEAVY_TAIL,AEGIS,1,174,0.18139015826846186,-0.5799999986192457,158,0,16,16,0
HEAVY_TAIL,AEGIS,1,79,0.19447023253975831,0.2599999988389352,74,0,5,5,0
HEAVY_TAIL,AEGIS,1,58,0.19059297294131322,0.4499999997455306,55,0,3,3,0
HEAVY_TAIL,AEGIS,1,135,0.1860651236940256,-0.21999999870626874,122,0,13,13,0
HEAVY_TAIL,AEGIS,1,152,0.17492760270524013,-0.38000000127191946,138,0,14,14,0
HEAVY_TAIL,AEGIS,1,170,0.17609899414801217,-0.5199999995972948,152,0,18,18,0
HEAVY_TAIL,AEGIS,1,77,0.19845559799331725,0.2700000013391709,73,0,4,4,0
HEAVY_TAIL,AEGIS,1,88,0.18743522610466076,0.2200000007090923,78,0,10,10,0
HEAVY_TAIL,AEGIS,1,72,0.18407359275591595,0.3300000015874138,67,0,5,5,0
HEAVY_TAIL,AEGIS,1,146,0.16827611908601786,-0.3399999985024824,134,0,12,12,0
HEAVY_TAIL,AEGIS,1,139,0.1792813935638066,-0.2599999993915385,126,0,13,13,0
HEAVY_TAIL,AEGIS,1,147,0.16886817464167403,-0.259999999378588,126,0,21,21,0
HEAVY_TAIL,AEGIS,1,188,0.18483218439006024,-0.7000000006133602,170,0,18,18,0
HEAVY_TAIL,AEGIS,1,191,0.1924822938438345,-0.760000001125506,176,0,15,15,0
HEAVY_TAIL,AEGIS,1,198,0.15861976297111866,-0.770000000149145,177,0,21,21,0
HEAVY_TAIL,AEGIS,1,176,0.17750441292876817,-0.5199999981587775,152,0,24,24,0
HEAVY_TAIL,AEGIS,1,151,0.17038639495576768,-0.3399999969264156,134,0,17,17,0
HEAVY_TAIL,AEGIS,1,172,0.18021710398289997,-0.5500000009761953,155,0,17,17,0
HEAVY_TAIL,AEGIS,1,166,0.19143338185952274,-0.5100000010036236,151,0,15,15,0
HEAVY_TAIL,AEGIS,1,165,0.16024773113658047,-0.539999999752441,154,0,11,11,0
HEAVY_TAIL,AEGIS,1,199,0.16788673052962852,-0.780000000736772,178,0,21,21,0
HEAVY_TAIL,AEGIS,1,169,0.18562836263269542,-0.5099999985656468,151,0,18,18,0
HEAVY_TAIL,AEGIS,1,212,0.17581136463171723,-0.9899999999631619,199,0,13,13,0
HEAVY_TAIL,AEGIS,1,132,0.17162462929457928,-0.19999999875281493,120,0,12,12,0
HEAVY_TAIL,AEGIS,1,193,0.18809537750225455,-0.8000000002194645,180,0,13,13,0
HEAVY_TAIL,AEGIS,1,172,0.19735355019308032,-0.5800000013763522,158,0,14,14,0
HEAVY_TAIL,AEGIS,1,146,0.19623292565139827,-0.30999999678530077,131,0,15,15,0
HEAVY_TAIL,AEGIS,1,97,0.19442319003192077,0.11999999998667465,88,0,9,9,0
HEAVY_TAIL,AEGIS,1,174,0.19139448141822538,-0.5800000012185487,158,0,16,16,0
HEAVY_TAIL,AEGIS,1,141,0.1945274510175365,-0.29999999964087953,130,0,11,11,0
HEAVY_TAIL,AEGIS,1,76,0.19325999941088848,0.3400000004017709,66,0,10,10,0
HEAVY_TAIL,AEGIS,1,145,0.16348798681010102,-0.29999999981826453,130,0,15,15,0
HEAVY_TAIL,AEGIS,1,104,0.18396042028098805,0.06999999948740165,93,0,11,11,0
HEAVY_TAIL,AEGIS,1,187,0.1857100605057845,-0.7199999985710184,172,0,15,15,0
HEAVY_TAIL,AEGIS,1,150,0.1737375868740926,-0.4299999982354864,143,0,7,7,0
HEAVY_TAIL,AEGIS,1,213,0.18901645537461362,-0.9599999981068208,196,0,17,17,0
HEAVY_TAIL,AEGIS,1,170,0.19211781880016673,-0.5399999988964233,154,0,16,16,0
HEAVY_TAIL,AEGIS,1,122,0.19606814131911238,-0.11999999989230459,112,0,10,10,0
HEAVY_TAIL,AEGIS,1,171,0.19065826373665098,-0.599999997546022,160,0,11,11,0
HEAVY_TAIL,AEGIS,1,193,0.16967153726321682,-0.740000000145715,174,0,19,19,0
HEAVY_TAIL,AEGIS,1,166,0.1787858162016247,-0.44999999557043746,145,0,21,21,0
HEAVY_TAIL,AEGIS,1,177,0.1575461002051177,-0.6500000034433715,165,0,12,12,0
HEAVY_TAIL,AEGIS,1,178,0.17571244372728434,-0.6500000010385354,165,0,13,13,0
HEAVY_TAIL,AEGIS,1,81,0.19374172539266585,0.25999999962769005,74,0,7,7,0
HEAVY_TAIL,AEGIS,1,164,0.19036597933425706,-0.5299999998228604,153,0,11,11,0
HEAVY_TAIL,AEGIS,1,190,0.1869907689854243,-0.7399999991559478,174,0,16,16,0
HEAVY_TAIL,AEGIS,1,181,0.16839535965251304,-0.7000000041567256,170,0,11,11,0
HEAVY_TAIL,AEGIS,1,121,0.19801131846604972,-0.10999999934153559,111,0,10,10,0
HEAVY_TAIL,AEGIS,1,147,0.19604197280742028,-0.3400000027066584,134,0,13,13,0
HEAVY_TAIL,AEGIS,1,164,0.1592392533408474,-0.5100000022837848,151,0,13,13,0
HEAVY_TAIL,AEGIS,1,181,0.1858624780479591,-0.610000004855453,161,0,20,20,0
HEAVY_TAIL,AEGIS,1,186,0.16214300204462165,-0.7099999965270742,171,0,15,15,0
HEAVY_TAIL,AEGIS,1,164,0.17692107766343498,-0.5399999968638174,154,0,10,10,0
HEAVY_TAIL,AEGIS,1,200,0.18125066431776227,-0.8500000042918859,185,0,15,15,0
HEAVY_TAIL,AEGIS,1,194,0.16318997727374127,-0.7000000044317948,170,0,24,24,0
HEAVY_TAIL,AEGIS,1,150,0.17222713567566186,-0.3600000019293921,136,0,14,14,0
HEAVY_TAIL,AEGIS,1,174,0.17942336677780032,-0.5800000004145425,158,0,16,16,0
HEAVY_TAIL,AEGIS,1,87,0.1904504394190896,0.2100000002592073,79,0,8,8,0
HEAVY_TAIL,AEGIS,1,186,0.17559567959949407,-0.7400000000328472,174,0,12,12,0
HEAVY_TAIL,AEGIS,1,176,0.1716064510238247,-0.5900000001770717,159,0,17,17,0
HEAVY_TAIL,AEGIS,1,139,0.17783009803321573,-0.27000000129069357,127,0,12,12,0
HEAVY_TAIL,AEGIS,1,185,0.19051217352224542,-0.7099999981173238,171,0,14,14,0
HEAVY_TAIL,AEGIS,1,189,0.17116159116201535,-0.6499999981139599,165,0,24,24,0
HEAVY_TAIL,AEGIS,1,169,0.1815895376417149,-0.6300000010195674,163,0,6,6,0
HEAVY_TAIL,AEGIS,1,121,0.18337121062712192,-0.10999999951131789,111,0,10,10,0
HEAVY_TAIL,AEGIS,1,157,0.18212271786736234,-0.37999999653359207,138,0,19,19,0
HEAVY_TAIL,AEGIS,1,188,0.19799279922460533,-0.7300000019209976,173,0,15,15,0
HEAVY_TAIL,AEGIS,1,208,0.15269259536046792,-0.8899999975944457,189,0,19,19,0
HEAVY_TAIL,AEGIS,1,196,0.16902119808109323,-0.7799999967862556,178,0,18,18,0
HEAVY_TAIL,AEGIS,1,160,0.19579065023901737,-0.4599999969643007,146,0,14,14,0
HEAVY_TAIL,AEGIS,1,94,0.19824690563865524,0.13000000118384014,87,0,7,7,0
HEAVY_TAIL,AEGIS,1,116,0.19325678041078223,-0.06999999815588642,107,0,9,9,0
HEAVY_TAIL,AEGIS,1,182,0.163442659017718,-0.6700000000452819,167,0,15,15,0
HEAVY_TAIL,AEGIS,1,203,0.1545323030589861,-0.7499999990439165,175,0,28,28,0
HEAVY_TAIL,AEGIS,1,199,0.16488226452328872,-0.7300000001113309,173,0,26,26,0
HEAVY_TAIL,AEGIS,1,167,0.16580377718309944,-0.47000000175847045,147,0,20,20,0
OUTLIER,ALWAYS_ACT,1,178,0.19651312400545168,-0.7800000000479882,178,0,0,30,30
OUTLIER,ALWAYS_ACT,1,90,0.18513998142717078,0.09999999956070016,90,0,0,18,18
OUTLIER,ALWAYS_ACT,1,144,0.19661470649403637,-0.44000000050706756,144,0,0,27,27
OUTLIER,ALWAYS_ACT,1,198,0.1844212880380902,-0.9800000009752697,198,0,0,34,34
OUTLIER,ALWAYS_ACT,1,208,0.1422919117182268,-1.0800000019393754,208,0,0,47,47
OUTLIER,ALWAYS_ACT,1,188,0.16246416223070884,-0.8800000012023548,188,0,0,44,44
OUTLIER,ALWAYS_ACT,1,121,0.17089581094162068,-0.21000000034142585,121,0,0,26,26
OUTLIER,ALWAYS_ACT,1,190,0.19955898454534327,-0.9000000030417474,190,0,0,42,42
OUTLIER,ALWAYS_ACT,1,173,0.18656593771029456,-0.7300000025293112,173,0,0,49,49
OUTLIER,ALWAYS_ACT,1,141,0.19398887189769284,-0.40999999989021907,141,0,0,21,21
OUTLIER,ALWAYS_ACT,1,137,0.16742393425569013,-0.36999999952143114,137,0,0,28,28
OUTLIER,ALWAYS_ACT,1,173,0.1580841741270389,-0.7300000003174724,173,0,0,37,37
OUTLIER,ALWAYS_ACT,1,190,0.1592113085011157,-0.9000000000584792,190,0,0,44,44
OUTLIER,ALWAYS_ACT,1,119,0.1884905875659599,-0.18999999950116464,119,0,0,31,31
OUTLIER,ALWAYS_ACT,1,130,0.19275003958371384,-0.3000000017310134,130,0,0,31,31
OUTLIER,ALWAYS_ACT,1,169,0.1937986813196447,-0.690000000373244,169,0,0,29,29
OUTLIER,ALWAYS_ACT,1,113,0.17627991393936554,-0.12999999887585778,113,0,0,24,24
OUTLIER,ALWAYS_ACT,1,77,0.186982020191448,0.22999999726472364,77,0,0,15,15
OUTLIER,ALWAYS_ACT,1,61,0.1846648283575345,0.39000000074463903,61,0,0,20,20
OUTLIER,ALWAYS_ACT,1,175,0.17982433484988622,-0.7500000027502808,175,0,0,39,39
OUTLIER,ALWAYS_ACT,1,170,0.1626658996097005,-0.7000000032573804,170,0,0,35,35
OUTLIER,ALWAYS_ACT,1,178,0.17968952005264066,-0.7799999985537268,178,0,0,34,34
OUTLIER,ALWAYS_ACT,1,149,0.1682721472604513,-0.48999999910532355,149,0,0,34,34
OUTLIER,ALWAYS_ACT,1,127,0.19214541782338404,-0.27000000140424174,127,0,0,22,22
OUTLIER,ALWAYS_ACT,1,165,0.18040710267182172,-0.6500000012807926,165,0,0,37,37
OUTLIER,ALWAYS_ACT,1,79,0.18136102794098397,0.20999999962646754,79,0,0,17,17
OUTLIER,ALWAYS_ACT,1,58,0.19255562505022256,0.4199999991026736,58,0,0,11,11
OUTLIER,ALWAYS_ACT,1,129,0.19654006071025468,-0.2900000007868776,129,0,0,24,24
OUTLIER,ALWAYS_ACT,1,145,0.16721295961592691,-0.4500000016698227,145,0,0,23,23
OUTLIER,ALWAYS_ACT,1,164,0.15591000762595414,-0.6399999987041528,164,0,0,34,34
OUTLIER,ALWAYS_ACT,1,76,0.18669168072987924,0.23999999881665002,76,0,0,12,12
OUTLIER,ALWAYS_ACT,1,84,0.19390119372641892,0.160000001158074,84,0,0,18,18
OUTLIER,ALWAYS_ACT,1,69,0.1958636505867575,0.3099999984392726,69,0,0,16,16
OUTLIER,ALWAYS_ACT,1,140,0.17995925695741835,-0.39999999835336664,140,0,0,24,24
OUTLIER,ALWAYS_ACT,1,132,0.17928316630573554,-0.3200000017576611,132,0,0,27,27
OUTLIER,ALWAYS_ACT,1,132,0.19563143661435825,-0.32000000195642786,132,0,0,29,29
OUTLIER,ALWAYS_ACT,1,177,0.1993366037558824,-0.7699999952482343,177,0,0,35,35
OUTLIER,ALWAYS_ACT,1,184,0.19345614720032683,-0.8400000002425588,184,0,0,41,41
OUTLIER,ALWAYS_ACT,1,190,0.19352978039825547,-0.9000000012053676,190,0,0,54,54
OUTLIER,ALWAYS_ACT,1,164,0.1930241596380185,-0.639999992922984,164,0,0,38,38
OUTLIER,ALWAYS_ACT,1,143,0.16691093142803862,-0.42999999671077804,143,0,0,34,34
OUTLIER,ALWAYS_ACT,1,163,0.18640362193578522,-0.6299999988248199,163,0,0,36,36
OUTLIER,ALWAYS_ACT,1,159,0.1980386357526049,-0.5900000023629987,159,0,0,41,41
OUTLIER,ALWAYS_ACT,1,159,0.17655662833137883,-0.5899999994351222,159,0,0,27,27
OUTLIER,ALWAYS_ACT,1,187,0.17778186374108956,-0.8699999992700512,187,0,0,35,35
OUTLIER,ALWAYS_ACT,1,160,0.17491953181292544,-0.5999999998818062,160,0,0,38,38
OUTLIER,ALWAYS_ACT,1,206,0.1765111794363978,-1.0600000022186218,206,0,0,41,41
OUTLIER,ALWAYS_ACT,1,124,0.1952582243224831,-0.23999999866217037,124,0,0,25,25
OUTLIER,ALWAYS_ACT,1,185,0.19277745911243868,-0.8500000010650203,185,0,0,40,40
OUTLIER,ALWAYS_ACT,1,165,0.17575621549089343,-0.6500000046267198,165,0,0,24,24
OUTLIER,ALWAYS_ACT,1,138,0.18032206573577406,-0.38000000255196287,138,0,0,29,29
OUTLIER,ALWAYS_ACT,1,93,0.1938499805321991,0.06999999729452122,93,0,0,16,16
OUTLIER,ALWAYS_ACT,1,166,0.1655686133272053,-0.6599999990960816,166,0,0,28,28
OUTLIER,ALWAYS_ACT,1,137,0.1949464594244576,-0.36999999674202044,137,0,0,27,27
OUTLIER,ALWAYS_ACT,1,72,0.19596539658280876,0.27999999946439347,72,0,0,22,22
OUTLIER,ALWAYS_ACT,1,141,0.16728354532884435,-0.4100000013112729,141,0,0,29,29
OUTLIER,ALWAYS_ACT,1,99,0.18447851045453076,0.010000000568207601,99,0,0,32,32
OUTLIER,ALWAYS_ACT,1,180,0.19903760970518788,-0.799999999849652,180,0,0,33,33
OUTLIER,ALWAYS_ACT,1,146,0.1673053414077341,-0.460000000049142,146,0,0,31,31
OUTLIER,ALWAYS_ACT,1,203,0.19926031522266371,-1.029999997589071,203,0,0,49,49
OUTLIER,ALWAYS_ACT,1,164,0.19604753947133144,-0.6399999981343277,164,0,0,34,34
OUTLIER,ALWAYS_ACT,1,118,0.1922593008245288,-0.17999999931826105,118,0,0,28,28
OUTLIER,ALWAYS_ACT,1,168,0.15391537954855306,-0.6799999966677265,168,0,0,42,42
OUTLIER,ALWAYS_ACT,1,185,0.1707547204489435,-0.8499999957260823,185,0,0,42,42
OUTLIER,ALWAYS_ACT,1,158,0.18960570848464034,-0.5800000022704943,158,0,0,45,45
OUTLIER,ALWAYS_ACT,1,172,0.17494080674745155,-0.7200000018265826,172,0,0,33,33
OUTLIER,ALWAYS_ACT,1,172,0.15752589644390874,-0.719999999015189,172,0,0,41,41
OUTLIER,ALWAYS_ACT,1,80,0.1953278298257176,0.2000000003743453,80,0,0,21,21
OUTLIER,ALWAYS_ACT,1,158,0.17216437552705588,-0.5799999978269565,158,0,0,31,31
OUTLIER,ALWAYS_ACT,1,182,0.1895817625175682,-0.8199999975328184,182,0,0,30,30
OUTLIER,ALWAYS_ACT,1,175,0.16625495235668458,-0.749999999835695,175,0,0,31,31
OUTLIER,ALWAYS_ACT,1,116,0.1863278148746754,-0.1599999985384638,116,0,0,28,28
OUTLIER,ALWAYS_ACT,1,141,0.17022473155693793,-0.4100000001230575,141,0,0,30,30
OUTLIER,ALWAYS_ACT,1,157,0.1737825515863957,-0.5699999982466263,157,0,0,31,31
OUTLIER,ALWAYS_ACT,1,170,0.16958172758122902,-0.6999999997582447,170,0,0,34,34
OUTLIER,ALWAYS_ACT,1,177,0.1773741245158511,-0.7699999981386443,177,0,0,37,37
OUTLIER,ALWAYS_ACT,1,157,0.19686581570691636,-0.5699999986737099,157,0,0,41,41
OUTLIER,ALWAYS_ACT,1,193,0.17387716366403994,-0.9299999986927193,193,0,0,39,39
OUTLIER,ALWAYS_ACT,1,181,0.18114184960022853,-0.8099999988333783,181,0,0,43,43
OUTLIER,ALWAYS_ACT,1,142,0.18077108416220947,-0.4199999976662262,142,0,0,35,35
OUTLIER,ALWAYS_ACT,1,167,0.18962450058078703,-0.6699999996529935,167,0,0,43,43
OUTLIER,ALWAYS_ACT,1,86,0.18709997457763075,0.1399999988407763,86,0,0,18,18
OUTLIER,ALWAYS_ACT,1,181,0.1748150657188354,-0.8099999993781832,181,0,0,41,41
OUTLIER,ALWAYS_ACT,1,168,0.1565170761550604,-0.6799999975631184,168,0,0,36,36
OUTLIER,ALWAYS_ACT,1,134,0.16894718224412608,-0.34000000303076283,134,0,0,29,29
OUTLIER,ALWAYS_ACT,1,178,0.19119723730014984,-0.7800000017017314,178,0,0,43,43
OUTLIER,ALWAYS_ACT,1,178,0.1541064648227696,-0.7800000017797983,178,0,0,43,43
OUTLIER,ALWAYS_ACT,1,166,0.18713916322107443,-0.6600000003100198,166,0,0,33,33
OUTLIER,ALWAYS_ACT,1,115,0.16790104530618816,-0.14999999670879505,115,0,0,20,20
OUTLIER,ALWAYS_ACT,1,148,0.18803039272099467,-0.4799999994332631,148,0,0,36,36
OUTLIER,ALWAYS_ACT,1,179,0.17080287236827077,-0.7900000016110231,179,0,0,40,40
OUTLIER,ALWAYS_ACT,1,199,0.18026446315820766,-0.990000000630732,199,0,0,44,44
OUTLIER,ALWAYS_ACT,1,188,0.14984166063641816,-0.8800000033719344,188,0,0,49,49
OUTLIER,ALWAYS_ACT,1,153,0.1884301871902081,-0.5300000007610285,153,0,0,29,29
OUTLIER,ALWAYS_ACT,1,92,0.18070208059844517,0.07999999945015945,92,0,0,20,20
OUTLIER,ALWAYS_ACT,1,112,0.18394447381132079,-0.12000000287834567,112,0,0,16,16
OUTLIER,ALWAYS_ACT,1,175,0.17112311170140646,-0.7499999992806919,175,0,0,33,33
OUTLIER,ALWAYS_ACT,1,189,0.17114718056763237,-0.8900000034343359,189,0,0,37,37
OUTLIER,ALWAYS_ACT,1,185,0.18122058045838776,-0.8499999984861053,185,0,0,47,47
OUTLIER,ALWAYS_ACT,1,160,0.15666187371153886,-0.5999999973674743,160,0,0,51,51
OUTLIER,AEGIS,1,194,0.18206550989480585,-0.6300000062253941,163,0,31,31,0
OUTLIER,AEGIS,1,103,0.18632244430229697,0.18000000091973645,82,0,21,21,0
OUTLIER,AEGIS,1,161,0.17922831677702467,-0.30000000124520443,130,0,31,31,0
OUTLIER,AEGIS,1,217,0.19148965102887386,-0.810000003137676,181,0,36,36,0
OUTLIER,AEGIS,1,236,0.15904304539151226,-0.8699999968966428,187,0,49,49,0
OUTLIER,AEGIS,1,217,0.15652142484442005,-0.6599999994832894,166,0,51,51,0
OUTLIER,AEGIS,1,135,0.1801462482740895,-0.05000000092485568,105,0,30,30,0
OUTLIER,AEGIS,1,218,0.1586614363465897,-0.7300000013237382,173,0,45,45,0
OUTLIER,AEGIS,1,205,0.17077792100707528,-0.4299999974772818,143,0,62,62,0
OUTLIER,AEGIS,1,154,0.16573258252177311,-0.3100000011758921,131,0,23,23,0
OUTLIER,AEGIS,1,154,0.19845856513158652,-0.22999999990565945,123,0,31,31,0
OUTLIER,AEGIS,1,194,0.1918180522818681,-0.5700000025082708,157,0,37,37,0
OUTLIER,AEGIS,1,212,0.15687667835099064,-0.6399999977644538,164,0,48,48,0
OUTLIER,AEGIS,1,137,0.19036085995059862,-0.050000001146037865,105,0,32,32,0
OUTLIER,AEGIS,1,149,0.16924763521195274,-0.14000000034661864,114,0,35,35,0
OUTLIER,AEGIS,1,186,0.1908956050200051,-0.5499999990720793,155,0,31,31,0
OUTLIER,AEGIS,1,127,0.1888962520472595,-0.010000001443381867,101,0,26,26,0
OUTLIER,AEGIS,1,85,0.1937200212220112,0.3000000017923421,70,0,15,15,0
OUTLIER,AEGIS,1,71,0.19541970856032423,0.5100000006774459,49,0,22,22,0
OUTLIER,AEGIS,1,200,0.18707841784476578,-0.509999995853115,151,0,49,49,0
OUTLIER,AEGIS,1,190,0.171435685193032,-0.5299999966037816,153,0,37,37,0
OUTLIER,AEGIS,1,200,0.19686913637255923,-0.5800000017807211,158,0,42,42,0
OUTLIER,AEGIS,1,167,0.16761500809827667,-0.2999999995189695,130,0,37,37,0
OUTLIER,AEGIS,1,142,0.18941673340067625,-0.17999999943615952,118,0,24,24,0
OUTLIER,AEGIS,1,188,0.169945300913474,-0.47000000061550085,147,0,41,41,0
OUTLIER,AEGIS,1,87,0.19381013274443176,0.3099999993269069,69,0,18,18,0
OUTLIER,AEGIS,1,64,0.18674827090880444,0.48999999960129725,51,0,13,13,0
OUTLIER,AEGIS,1,142,0.1903979087402843,-0.12999999891923208,113,0,29,29,0
OUTLIER,AEGIS,1,157,0.16831918267525858,-0.3100000042751384,131,0,26,26,0
OUTLIER,AEGIS,1,179,0.16544364211391266,-0.4199999987044043,142,0,37,37,0
OUTLIER,AEGIS,1,81,0.19386285561993555,0.32000000109246673,68,0,13,13,0
OUTLIER,AEGIS,1,92,0.1972441707840943,0.26000000085301966,74,0,18,18,0
OUTLIER,AEGIS,1,78,0.18399658105881134,0.39999999996262225,60,0,18,18,0
OUTLIER,AEGIS,1,154,0.1864218803097049,-0.2500000014143817,125,0,29,29,0
OUTLIER,AEGIS,1,147,0.16965613931301138,-0.18000000109875602,118,0,29,29,0
OUTLIER,AEGIS,1,152,0.19920418589956196,-0.1699999998244417,117,0,35,35,0
OUTLIER,AEGIS,1,202,0.15629707411730967,-0.6199999969564945,162,0,40,40,0
OUTLIER,AEGIS,1,206,0.1851755685058077,-0.5900000004976762,159,0,47,47,0
OUTLIER,AEGIS,1,224,0.1996034986797091,-0.6300000019325978,163,0,61,61,0
OUTLIER,AEGIS,1,188,0.1804657466141751,-0.43999999952526314,144,0,44,44,0
OUTLIER,AEGIS,1,163,0.18918908733227469,-0.2700000017041627,127,0,36,36,0
OUTLIER,AEGIS,1,185,0.19016180745546385,-0.4400000033270448,144,0,41,41,0
OUTLIER,AEGIS,1,183,0.19596759206891076,-0.3900000001455972,139,0,44,44,0
OUTLIER,AEGIS,1,173,0.1842575716262817,-0.4199999960685137,142,0,31,31,0
OUTLIER,AEGIS,1,211,0.1605928191608848,-0.6900000001296749,169,0,42,42,0
OUTLIER,AEGIS,1,184,0.17809523536960906,-0.42000000417691863,142,0,42,42,0
OUTLIER,AEGIS,1,229,0.19118878261800498,-0.8299999991888102,183,0,46,46,0
OUTLIER,AEGIS,1,142,0.17257677522004244,-0.1499999962970715,115,0,27,27,0
OUTLIER,AEGIS,1,208,0.18253733503229738,-0.6300000016544522,163,0,45,45,0
OUTLIER,AEGIS,1,178,0.1676970264380063,-0.519999996214631,152,0,26,26,0
OUTLIER,AEGIS,1,155,0.1721721832263927,-0.22000000072784587,122,0,33,33,0
OUTLIER,AEGIS,1,102,0.1975400819321683,0.15999999926855613,84,0,18,18,0
OUTLIER,AEGIS,1,183,0.17430220629963877,-0.5099999995303566,151,0,32,32,0
OUTLIER,AEGIS,1,152,0.17656320777898027,-0.1999999969635855,120,0,32,32,0
OUTLIER,AEGIS,1,86,0.1911035382939953,0.39000000239911614,61,0,25,25,0
OUTLIER,AEGIS,1,154,0.1918474421648828,-0.22000000026644362,122,0,32,32,0
OUTLIER,AEGIS,1,117,0.1852042669030087,0.18000000046534181,82,0,35,35,0
OUTLIER,AEGIS,1,202,0.19383596786181112,-0.640000000991233,164,0,38,38,0
OUTLIER,AEGIS,1,166,0.1679826375156592,-0.3000000000448958,130,0,36,36,0
OUTLIER,AEGIS,1,236,0.1890700314019249,-0.8099999986640063,181,0,55,55,0
OUTLIER,AEGIS,1,181,0.18720326862226147,-0.43999999919779054,144,0,37,37,0
OUTLIER,AEGIS,1,134,0.1765032204355473,-0.019999998738435387,102,0,32,32,0
OUTLIER,AEGIS,1,193,0.1720290787574586,-0.4299999997562831,143,0,50,50,0
OUTLIER,AEGIS,1,213,0.15660410550106477,-0.6699999982281599,167,0,46,46,0
OUTLIER,AEGIS,1,184,0.163354531467742,-0.31999999919060595,132,0,52,52,0
OUTLIER,AEGIS,1,191,0.18598246486096467,-0.499999995973228,150,0,41,41,0
OUTLIER,AEGIS,1,195,0.1861540886715222,-0.49999999726561095,150,0,45,45,0
OUTLIER,AEGIS,1,91,0.19418092138025303,0.3299999983149936,67,0,24,24,0
OUTLIER,AEGIS,1,177,0.1788391402197214,-0.40999999970330814,141,0,36,36,0
OUTLIER,AEGIS,1,201,0.15517141009509566,-0.6599999997479682,166,0,35,35,0
OUTLIER,AEGIS,1,194,0.19513565329391314,-0.6100000016092155,161,0,33,33,0
OUTLIER,AEGIS,1,135,0.18335922762356707,-0.029999999185910342,103,0,32,32,0
OUTLIER,AEGIS,1,159,0.18700556705695529,-0.2600000018127605,126,0,33,33,0
OUTLIER,AEGIS,1,176,0.1820993466456856,-0.4300000004930663,143,0,33,33,0
OUTLIER,AEGIS,1,190,0.17604350969912239,-0.4899999993595541,149,0,41,41,0
OUTLIER,AEGIS,1,199,0.1929400566794264,-0.5700000006153236,157,0,42,42,0
OUTLIER,AEGIS,1,184,0.1919383133478165,-0.37000000061984384,137,0,47,47,0
OUTLIER,AEGIS,1,217,0.1592808624797074,-0.7199999974732372,172,0,45,45,0
OUTLIER,AEGIS,1,204,0.179181198821705,-0.5700000003202181,157,0,47,47,0
OUTLIER,AEGIS,1,164,0.17339384086367357,-0.26000000232713727,126,0,38,38,0
OUTLIER,AEGIS,1,195,0.1974103921905432,-0.4399999983093764,144,0,51,51,0
OUTLIER,AEGIS,1,92,0.19347286687633725,0.2699999992491866,73,0,19,19,0
OUTLIER,AEGIS,1,205,0.19279948710190903,-0.5999999991073206,160,0,45,45,0
OUTLIER,AEGIS,1,186,0.1911610829062832,-0.4699999997492096,147,0,39,39,0
OUTLIER,AEGIS,1,151,0.1704011565091972,-0.1699999990267418,117,0,34,34,0
OUTLIER,AEGIS,1,202,0.1611345456540183,-0.5599999995144931,156,0,46,46,0
OUTLIER,AEGIS,1,205,0.17327062745508437,-0.5700000018452747,157,0,48,48,0
OUTLIER,AEGIS,1,185,0.1868585660152711,-0.48000000260221676,148,0,37,37,0
OUTLIER,AEGIS,1,127,0.1795763794268404,-0.04999999764656915,105,0,22,22,0
OUTLIER,AEGIS,1,167,0.197658127461315,-0.2400000032033811,124,0,43,43,0
OUTLIER,AEGIS,1,202,0.1830871289543159,-0.5899999982530585,159,0,43,43,0
OUTLIER,AEGIS,1,225,0.17365081885559233,-0.7200000035632084,172,0,53,53,0
OUTLIER,AEGIS,1,216,0.17066995564477422,-0.5800000032060538,158,0,58,58,0
OUTLIER,AEGIS,1,169,0.17605274102712776,-0.40000000370498956,140,0,29,29,0
OUTLIER,AEGIS,1,104,0.18108737827942606,0.1700000011048649,83,0,21,21,0
OUTLIER,AEGIS,1,120,0.1807224570780126,-0.01000000058173256,101,0,19,19,0
OUTLIER,AEGIS,1,193,0.168692600668826,-0.549999999085718,155,0,38,38,0
OUTLIER,AEGIS,1,210,0.1935313540330417,-0.699999999264134,170,0,40,40,0
OUTLIER,AEGIS,1,214,0.17177878198096583,-0.589999999052254,159,0,55,55,0
OUTLIER,AEGIS,1,195,0.18069970265303253,-0.3499999977210635,135,0,60,60,0
DRIFT,ALWAYS_ACT,1,178,0.19392256688461854,-0.7799999950093331,178,0,0,59,59
DRIFT,ALWAYS_ACT,1,89,0.19282189669255012,0.11000000073541671,89,0,0,3,3
DRIFT,ALWAYS_ACT,1,144,0.18797581143332664,-0.44000000025761965,144,0,0,28,28
DRIFT,ALWAYS_ACT,1,198,0.1817502547661611,-0.9800000048761067,198,0,0,90,90
DRIFT,ALWAYS_ACT,1,207,0.19601314611461965,-1.0700000021237008,207,0,0,85,85
DRIFT,ALWAYS_ACT,1,188,0.15692766541991657,-0.8800000005655593,188,0,0,80,80
DRIFT,ALWAYS_ACT,1,120,0.1997692183222207,-0.20000000158474984,120,0,0,14,14
DRIFT,ALWAYS_ACT,1,190,0.19842550778637486,-0.8999999977190857,190,0,0,70,70
DRIFT,ALWAYS_ACT,1,173,0.18048844204793435,-0.7299999991962043,173,0,0,53,53
DRIFT,ALWAYS_ACT,1,141,0.18717569041523313,-0.4100000007912582,141,0,0,27,27
DRIFT,ALWAYS_ACT,1,136,0.1896061404376493,-0.35999999986860554,136,0,0,23,23
DRIFT,ALWAYS_ACT,1,172,0.1986359331636352,-0.7200000045152817,172,0,0,59,59
DRIFT,ALWAYS_ACT,1,190,0.1527117240714566,-0.9000000019284825,190,0,0,76,76
DRIFT,ALWAYS_ACT,1,119,0.17760611648832142,-0.19000000012190277,119,0,0,12,12
DRIFT,ALWAYS_ACT,1,130,0.17458707687589528,-0.30000000335332333,130,0,0,15,15
DRIFT,ALWAYS_ACT,1,169,0.19132638304828573,-0.6899999998541194,169,0,0,50,50
DRIFT,ALWAYS_ACT,1,112,0.19949395139533385,-0.120000001532927,112,0,0,14,14
DRIFT,ALWAYS_ACT,1,77,0.1826621424253296,0.22999999833029416,77,0,0,1,1
DRIFT,ALWAYS_ACT,1,60,0.18849070171831814,0.4000000005726154,60,0,0,0,0
DRIFT,ALWAYS_ACT,1,175,0.1729195450014908,-0.7499999978175487,175,0,0,59,59
DRIFT,ALWAYS_ACT,1,170,0.15831656200810196,-0.6999999977760628,170,0,0,55,55
DRIFT,ALWAYS_ACT,1,178,0.17667885426169275,-0.780000003933771,178,0,0,64,64
DRIFT,ALWAYS_ACT,1,149,0.16482165194830514,-0.4899999954993959,149,0,0,44,44
DRIFT,ALWAYS_ACT,1,127,0.18784159727043387,-0.26999999735998514,127,0,0,17,17
DRIFT,ALWAYS_ACT,1,165,0.17907658184359926,-0.6500000022327674,165,0,0,52,52
DRIFT,ALWAYS_ACT,1,77,0.19233179359670555,0.22999999939554516,77,0,0,3,3
DRIFT,ALWAYS_ACT,1,57,0.1851842495204215,0.4299999983829562,57,0,0,0,0
DRIFT,ALWAYS_ACT,1,129,0.19457610573414402,-0.2900000018683463,129,0,0,20,20
DRIFT,ALWAYS_ACT,1,145,0.1613188825784264,-0.44999999998159623,145,0,0,33,33
DRIFT,ALWAYS_ACT,1,163,0.18822046109642973,-0.6300000007710107,163,0,0,53,53
DRIFT,ALWAYS_ACT,1,76,0.18143156707372496,0.2399999976472612,76,0,0,4,4
DRIFT,ALWAYS_ACT,1,83,0.19514871453925145,0.16999999964387869,83,0,0,3,3
DRIFT,ALWAYS_ACT,1,68,0.1920922370776822,0.31999999973682924,68,0,0,1,1
DRIFT,ALWAYS_ACT,1,140,0.1758931997305701,-0.39999999985105517,140,0,0,28,28
DRIFT,ALWAYS_ACT,1,132,0.17198357330145994,-0.31999999982051,132,0,0,24,24
DRIFT,ALWAYS_ACT,1,132,0.18514569295750494,-0.31999999945178037,132,0,0,20,20
DRIFT,ALWAYS_ACT,1,177,0.19522209551516614,-0.7699999952771697,177,0,0,57,57
DRIFT,ALWAYS_ACT,1,184,0.1881646295986931,-0.8399999981901956,184,0,0,71,71
DRIFT,ALWAYS_ACT,1,190,0.18855080857650133,-0.90000000175734,190,0,0,75,75
DRIFT,ALWAYS_ACT,1,164,0.18186094322114232,-0.6399999971133706,164,0,0,41,41
DRIFT,ALWAYS_ACT,1,142,0.19633250652143944,-0.42000000022685613,142,0,0,25,25
DRIFT,ALWAYS_ACT,1,163,0.17889082242802296,-0.6299999958459223,163,0,0,41,41
DRIFT,ALWAYS_ACT,1,159,0.19042615415475012,-0.5899999994555087,159,0,0,45,45
DRIFT,ALWAYS_ACT,1,159,0.17475848123489285,-0.5899999983021335,159,0,0,43,43
DRIFT,ALWAYS_ACT,1,187,0.17114344995897998,-0.8699999987124762,187,0,0,71,71
DRIFT,ALWAYS_ACT,1,160,0.1685704684693272,-0.5999999971460332,160,0,0,37,37
DRIFT,ALWAYS_ACT,1,206,0.17260486499035246,-1.0600000026132876,206,0,0,98,98
DRIFT,ALWAYS_ACT,1,124,0.18894111478844067,-0.23999999853392506,124,0,0,19,19
DRIFT,ALWAYS_ACT,1,185,0.1878990219853376,-0.8499999972563118,185,0,0,70,70
DRIFT,ALWAYS_ACT,1,165,0.16929647125955938,-0.6499999967455564,165,0,0,46,46
DRIFT,ALWAYS_ACT,1,138,0.17221611486708116,-0.38000000034743964,138,0,0,30,30
DRIFT,ALWAYS_ACT,1,92,0.19843457595058933,0.0800000006371484,92,0,0,4,4
DRIFT,ALWAYS_ACT,1,166,0.16200671817730342,-0.6599999979371828,166,0,0,57,57
DRIFT,ALWAYS_ACT,1,137,0.18975325403642523,-0.37000000076082773,137,0,0,27,27
DRIFT,ALWAYS_ACT,1,71,0.19673655295196368,0.28999999980968094,71,0,0,1,1
DRIFT,ALWAYS_ACT,1,140,0.19759983711296467,-0.40000000089058796,140,0,0,24,24
DRIFT,ALWAYS_ACT,1,98,0.1822900310098887,0.020000003485586615,98,0,0,9,9
DRIFT,ALWAYS_ACT,1,180,0.1933566131774309,-0.8000000019697331,180,0,0,68,68
DRIFT,ALWAYS_ACT,1,146,0.1634058256972898,-0.4599999965485051,146,0,0,27,27
DRIFT,ALWAYS_ACT,1,203,0.19429431186582388,-1.0299999997966662,203,0,0,90,90
DRIFT,ALWAYS_ACT,1,164,0.1936732186503985,-0.639999998576091,164,0,0,54,54
DRIFT,ALWAYS_ACT,1,118,0.17839190482814932,-0.17999999900136998,118,0,0,12,12
DRIFT,ALWAYS_ACT,1,167,0.19306245619117174,-0.6700000003087632,167,0,0,53,53
DRIFT,ALWAYS_ACT,1,185,0.16915514992981234,-0.8499999965678813,185,0,0,64,64
DRIFT,ALWAYS_ACT,1,158,0.17149128164052696,-0.5800000024512206,158,0,0,39,39
DRIFT,ALWAYS_ACT,1,172,0.16899773781232438,-0.7200000004142202,172,0,0,59,59
DRIFT,ALWAYS_ACT,1,172,0.1538576862146796,-0.7199999991568392,172,0,0,57,57
DRIFT,ALWAYS_ACT,1,80,0.17977892510375612,0.20000000084939162,80,0,0,2,2
DRIFT,ALWAYS_ACT,1,158,0.1689325261769854,-0.5799999980628577,158,0,0,40,40
DRIFT,ALWAYS_ACT,1,182,0.18806893592968021,-0.8199999987255018,182,0,0,62,62
DRIFT,ALWAYS_ACT,1,175,0.1590890722179546,-0.7500000038499259,175,0,0,60,60
DRIFT,ALWAYS_ACT,1,116,0.1733331086905572,-0.16000000133673353,116,0,0,11,11
DRIFT,ALWAYS_ACT,1,141,0.16133653604723974,-0.40999999991057967,141,0,0,34,34
DRIFT,ALWAYS_ACT,1,157,0.16504812210004088,-0.5700000004932325,157,0,0,41,41
DRIFT,ALWAYS_ACT,1,170,0.1625935694366359,-0.7000000002896746,170,0,0,60,60
DRIFT,ALWAYS_ACT,1,177,0.16381466659711022,-0.7699999997483077,177,0,0,59,59
DRIFT,ALWAYS_ACT,1,157,0.19183514822494177,-0.570000001768823,157,0,0,42,42
DRIFT,ALWAYS_ACT,1,193,0.17304265001447544,-0.9300000027376517,193,0,0,72,72
DRIFT,ALWAYS_ACT,1,181,0.17085675045505974,-0.8100000030311094,181,0,0,61,61
DRIFT,ALWAYS_ACT,1,142,0.17292378022839117,-0.41999999893411855,142,0,0,26,26
DRIFT,ALWAYS_ACT,1,167,0.18450271954928402,-0.6700000023913472,167,0,0,54,54
DRIFT,ALWAYS_ACT,1,85,0.19707862601157966,0.15000000017342885,85,0,0,4,4
DRIFT,ALWAYS_ACT,1,181,0.16958993128967695,-0.8099999988424538,181,0,0,70,70
DRIFT,ALWAYS_ACT,1,168,0.15311125913523105,-0.6800000018068131,168,0,0,65,65
DRIFT,ALWAYS_ACT,1,134,0.16270747801341495,-0.34000000078831916,134,0,0,23,23
DRIFT,ALWAYS_ACT,1,178,0.18483401303910735,-0.7799999983784699,178,0,0,63,63
DRIFT,ALWAYS_ACT,1,177,0.19784039256067218,-0.7700000018930014,177,0,0,64,64
DRIFT,ALWAYS_ACT,1,166,0.18251257067042675,-0.659999997257952,166,0,0,50,50
DRIFT,ALWAYS_ACT,1,114,0.19374256445901664,-0.13999999912745298,114,0,0,14,14
DRIFT,ALWAYS_ACT,1,148,0.1800137296791757,-0.4800000004713244,148,0,0,41,41
DRIFT,ALWAYS_ACT,1,179,0.16427665835374503,-0.7899999979494445,179,0,0,55,55
DRIFT,ALWAYS_ACT,1,199,0.17592277055121516,-0.9900000037389655,199,0,0,87,87
DRIFT,ALWAYS_ACT,1,187,0.19723230951647341,-0.8699999953423782,187,0,0,74,74
DRIFT,ALWAYS_ACT,1,153,0.18046503125033442,-0.529999998336332,153,0,0,42,42
DRIFT,ALWAYS_ACT,1,91,0.1955690922978708,0.0899999966239543,91,0,0,5,5
DRIFT,ALWAYS_ACT,1,112,0.1810329199862403,-0.12000000097951125,112,0,0,10,10
DRIFT,ALWAYS_ACT,1,175,0.16042601856853783,-0.7499999978276608,175,0,0,61,61
DRIFT,ALWAYS_ACT,1,189,0.16390259851330072,-0.8899999986107774,189,0,0,71,71
DRIFT,ALWAYS_ACT,1,185,0.17245913198365107,-0.8499999991566917,185,0,0,64,64
DRIFT,ALWAYS_ACT,1,159,0.19187064812685045,-0.590000002156057,159,0,0,47,47
DRIFT,AEGIS,1,197,0.16773063770798258,-0.19000000049615884,119,0,78,78,0
DRIFT,AEGIS,1,90,0.17848890539429538,0.13000000233079823,87,0,3,3,0
DRIFT,AEGIS,1,151,0.1756875455814405,-0.16999999900454554,117,0,34,34,0
DRIFT,AEGIS,1,242,0.1881520601840231,-0.08000000235625082,108,0,134,134,0
DRIFT,AEGIS,1,241,0.17573988525320858,-0.22000000400911235,122,0,119,119,0
DRIFT,AEGIS,1,221,0.1856631686860415,-0.07999999987277828,108,0,113,113,0
DRIFT,AEGIS,1,122,0.19750471171283399,-0.07000000118391014,107,0,15,15,0
DRIFT,AEGIS,1,214,0.1666858550425816,-0.2000000007200109,120,0,94,94,0
DRIFT,AEGIS,1,190,0.18024303172081305,-0.19999999978905003,120,0,70,70,0
DRIFT,AEGIS,1,148,0.172239108859256,-0.14999999883928528,115,0,33,33,0
DRIFT,AEGIS,1,141,0.17060888719395292,-0.14999999730020208,115,0,26,26,0
DRIFT,AEGIS,1,194,0.188770374900047,-0.1300000019017069,113,0,81,81,0
DRIFT,AEGIS,1,220,0.18605391512861175,-0.1399999999406587,114,0,106,106,0
DRIFT,AEGIS,1,121,0.18098475842603842,-0.07000000061218437,107,0,14,14,0
DRIFT,AEGIS,1,132,0.191948307684092,-0.14999999807040454,115,0,17,17,0
DRIFT,AEGIS,1,183,0.1775908784638982,-0.19999999884858144,120,0,63,63,0
DRIFT,AEGIS,1,115,0.18774668099551353,0.019999998977824784,98,0,17,17,0
DRIFT,AEGIS,1,77,0.19625705812749325,0.2399999983074571,76,0,1,1,0
DRIFT,AEGIS,1,60,0.18849070171831814,0.4000000005726154,60,0,0,0,0
DRIFT,AEGIS,1,193,0.196697882491731,-0.17000000024348316,117,0,76,76,0
DRIFT,AEGIS,1,188,0.1702836599124066,-0.1500000025702748,115,0,73,73,0
DRIFT,AEGIS,1,198,0.19378088229067242,-0.15000000140963232,115,0,83,83,0
DRIFT,AEGIS,1,162,0.17094552417103404,-0.04999999576232628,105,0,57,57,0
DRIFT,AEGIS,1,132,0.19844393621006617,-0.12000000147291767,112,0,20,20,0
DRIFT,AEGIS,1,181,0.19103524063778976,-0.16000000333478082,116,0,65,65,0
DRIFT,AEGIS,1,78,0.18064278227876543,0.2600000007648421,74,0,4,4,0
DRIFT,AEGIS,1,57,0.1851842495204215,0.4299999983829562,57,0,0,0,0
DRIFT,AEGIS,1,133,0.19273952576561343,-0.09000000290070287,109,0,24,24,0
DRIFT,AEGIS,1,153,0.1781792617798305,-0.1200000034195543,112,0,41,41,0
DRIFT,AEGIS,1,179,0.17644227512347035,-0.10000000047421254,110,0,69,69,0
DRIFT,AEGIS,1,77,0.18916504245638024,0.2699999979427422,73,0,4,4,0
DRIFT,AEGIS,1,84,0.17793104823847783,0.18999999992399486,81,0,3,3,0
DRIFT,AEGIS,1,68,0.1938051152798698,0.32999999985885153,67,0,1,1,0
DRIFT,AEGIS,1,146,0.1810021533718051,-0.14000000058330442,114,0,32,32,0
DRIFT,AEGIS,1,137,0.1779801631455862,-0.08999999814471427,109,0,28,28,0
DRIFT,AEGIS,1,138,0.19054671091321657,-0.13000000198560802,113,0,25,25,0
DRIFT,AEGIS,1,195,0.1711910486441471,-0.20000000136886364,120,0,75,75,0
DRIFT,AEGIS,1,212,0.18878666453936024,-0.129999999749272,113,0,99,99,0
DRIFT,AEGIS,1,219,0.1883091441126741,-0.15000000126070923,115,0,104,104,0
DRIFT,AEGIS,1,175,0.16623158564055351,-0.2399999971715605,124,0,51,51,0
DRIFT,AEGIS,1,147,0.19474402076827171,-0.1800000002513773,118,0,29,29,0
DRIFT,AEGIS,1,174,0.18096664303130602,-0.23999999769255242,124,0,50,50,0
DRIFT,AEGIS,1,172,0.19891887795780716,-0.14000000060300088,114,0,58,58,0
DRIFT,AEGIS,1,169,0.19210635557804792,-0.1599999993662018,116,0,53,53,0
DRIFT,AEGIS,1,212,0.1795239514822136,-0.16000000058973107,116,0,96,96,0
DRIFT,AEGIS,1,169,0.1700417669512981,-0.25000000008972534,125,0,44,44,0
DRIFT,AEGIS,1,256,0.19486340943393912,-0.08000000054362255,108,0,148,148,0
DRIFT,AEGIS,1,129,0.19094752985262964,-0.06999999918768585,107,0,22,22,0
DRIFT,AEGIS,1,210,0.1864979397608485,-0.14999999897695204,115,0,95,95,0
DRIFT,AEGIS,1,179,0.17499894674276686,-0.20000000132829943,120,0,59,59,0
DRIFT,AEGIS,1,144,0.1721754418095161,-0.09000000146946463,109,0,35,35,0
DRIFT,AEGIS,1,93,0.1938468201466323,0.10999999904542435,89,0,4,4,0
DRIFT,AEGIS,1,184,0.18905967673257554,-0.09999999724881303,110,0,74,74,0
DRIFT,AEGIS,1,144,0.17083324031089564,-0.10000000167887335,110,0,34,34,0
DRIFT,AEGIS,1,72,0.18312588634860957,0.29000000212685917,71,0,1,1,0
DRIFT,AEGIS,1,146,0.19583495075451768,-0.16000000129949843,116,0,30,30,0
DRIFT,AEGIS,1,99,0.18922027058779178,0.1000000002905368,90,0,9,9,0
DRIFT,AEGIS,1,208,0.1683508124940461,-0.13000000111584065,113,0,95,95,0
DRIFT,AEGIS,1,151,0.19289524138248046,-0.19999999850393335,120,0,31,31,0
DRIFT,AEGIS,1,244,0.1851418349333738,-0.12999999910848836,113,0,131,131,0
DRIFT,AEGIS,1,182,0.19023715498136157,-0.11000000316529834,111,0,71,71,0
DRIFT,AEGIS,1,120,0.18117287939114463,-0.0699999989897675,107,0,13,13,0
DRIFT,AEGIS,1,183,0.1896810242480507,-0.13999999964967524,114,0,69,69,0
DRIFT,AEGIS,1,204,0.18328787976563432,-0.20999999670488,121,0,83,83,0
DRIFT,AEGIS,1,167,0.1765547270036086,-0.18999999806267343,119,0,48,48,0
DRIFT,AEGIS,1,192,0.19114990579877827,-0.14000000066464513,114,0,78,78,0
DRIFT,AEGIS,1,189,0.1976938825312169,-0.1499999990423495,115,0,74,74,0
DRIFT,AEGIS,1,80,0.1877320970438205,0.22000000090884897,78,0,2,2,0
DRIFT,AEGIS,1,168,0.1967220154091431,-0.18000000081039125,118,0,50,50,0
DRIFT,AEGIS,1,202,0.18760137650357245,-0.1999999993429593,120,0,82,82,0
DRIFT,AEGIS,1,193,0.19519521363573855,-0.16000000013666926,116,0,77,77,0
DRIFT,AEGIS,1,118,0.180688269420327,-0.04999999978585912,105,0,13,13,0
DRIFT,AEGIS,1,150,0.18767135944220698,-0.09000000072021341,109,0,41,41,0
DRIFT,AEGIS,1,167,0.17898252198604528,-0.16000000346577292,116,0,51,51,0
DRIFT,AEGIS,1,190,0.17988182320467555,-0.12000000242514508,112,0,78,78,0
DRIFT,AEGIS,1,195,0.1817624188573219,-0.1899999988519261,119,0,76,76,0
DRIFT,AEGIS,1,169,0.19263287863686937,-0.14999999890246585,115,0,54,54,0
DRIFT,AEGIS,1,220,0.16705465200000885,-0.2100000026722133,121,0,99,99,0
DRIFT,AEGIS,1,199,0.19666313671712427,-0.21000000324190937,121,0,78,78,0
DRIFT,AEGIS,1,148,0.1815440215875084,-0.15999999838110845,116,0,32,32,0
DRIFT,AEGIS,1,183,0.18053878173517546,-0.14000000191280138,114,0,69,69,0
DRIFT,AEGIS,1,86,0.19374068172936743,0.18000000297156094,82,0,4,4,0
DRIFT,AEGIS,1,205,0.18887205025592332,-0.10999999920172354,111,0,94,94,0
DRIFT,AEGIS,1,191,0.1993939346973542,-0.0500000001928651,105,0,86,86,0
DRIFT,AEGIS,1,138,0.17340009318256563,-0.13000000022612057,113,0,25,25,0
DRIFT,AEGIS,1,199,0.1876545285259071,-0.15999999876994664,116,0,83,83,0
DRIFT,AEGIS,1,200,0.1872382465618858,-0.13000000252245858,113,0,87,87,0
DRIFT,AEGIS,1,180,0.19984464709705707,-0.17999999729784388,118,0,62,62,0
DRIFT,AEGIS,1,117,0.17870488317803132,-0.019999999123266887,102,0,15,15,0
DRIFT,AEGIS,1,159,0.17551999824595677,-0.08000000511674155,108,0,51,51,0
DRIFT,AEGIS,1,195,0.19084856779219742,-0.24999999486194224,125,0,70,70,0
DRIFT,AEGIS,1,236,0.19300328025348804,-0.12000000235201691,112,0,124,124,0
DRIFT,AEGIS,1,215,0.18197742726885366,-0.129999998937532,113,0,102,102,0
DRIFT,AEGIS,1,163,0.19113881000563032,-0.12000000028690994,112,0,51,51,0
DRIFT,AEGIS,1,92,0.19709642808877234,0.12999999674796647,87,0,5,5,0
DRIFT,AEGIS,1,114,0.17510826842136507,-0.01999999926219065,102,0,12,12,0
DRIFT,AEGIS,1,195,0.17066530740339414,-0.1599999988312728,116,0,79,79,0
DRIFT,AEGIS,1,213,0.19541222683099446,-0.18000000018373918,118,0,95,95,0
DRIFT,AEGIS,1,205,0.18713329989969843,-0.21000000139774366,121,0,84,84,0
DRIFT,AEGIS,1,173,0.18673066595945728,-0.13000000169382742,113,0,60,60,0
CORRELATED_BIAS,ALWAYS_ACT,0,300,5.1587093693080055,-2.999999997744552,300,0,0,1,1
CORRELATED_BIAS,ALWAYS_ACT,0,300,1.9310184195326254,-2.9999999985447925,300,0,0,0,0
CORRELATED_BIAS,ALWAYS_ACT,1,144,0.19226243398170517,-0.4399999999816726,144,0,0,0,0
CORRELATED_BIAS,ALWAYS_ACT,0,300,5.156728175084431,-3.0000000073166873,300,0,0,0,0
CORRELATED_BIAS,ALWAYS_ACT,1,208,0.17467837371148143,-1.0800000008012858,208,0,0,0,0
CORRELATED_BIAS,ALWAYS_ACT,0,300,5.224746895299557,-2.9999999994951936,300,0,0,1,1
CORRELATED_BIAS,ALWAYS_ACT,0,300,4.108370757355519,-2.999999999367771,300,0,0,0,0
CORRELATED_BIAS,ALWAYS_ACT,1,192,0.18943223704221152,-0.9200000014611867,192,0,0,0,0
CORRELATED_BIAS,ALWAYS_ACT,0,300,5.24744686754584,-3.0000000013231385,300,0,0,0,0
CORRELATED_BIAS,ALWAYS_ACT,0,300,4.813723012673395,-3.0000000021564306,300,0,0,0,0
CORRELATED_BIAS,ALWAYS_ACT,0,300,4.398489870071927,-3.000000002208859,300,0,0,1,1
CORRELATED_BIAS,ALWAYS_ACT,1,172,0.1981771579793173,-0.7199999999625221,172,0,0,0,0
CORRELATED_BIAS,ALWAYS_ACT,0,300,5.228826274399711,-3.000000003249845,300,0,0,0,0
CORRELATED_BIAS,ALWAYS_ACT,1,122,0.1947627927416224,-0.2200000015966097,122,0,0,0,0
CORRELATED_BIAS,ALWAYS_ACT,0,300,4.039390596898885,-3.000000005982441,300,0,0,0,0
CORRELATED_BIAS,ALWAYS_ACT,1,170,0.18492192551713887,-0.700000001352983,170,0,0,0,0
CORRELATED_BIAS,ALWAYS_ACT,0,300,3.5574724179158466,-2.9999999993822897,300,0,0,0,0
CORRELATED_BIAS,ALWAYS_ACT,0,300,0.9996735180212395,-2.9999999986059707,300,0,0,0,0
CORRELATED_BIAS,ALWAYS_ACT,1,63,0.19488495408667414,0.37000000032574754,63,0,0,0,0
CORRELATED_BIAS,ALWAYS_ACT,0,300,5.092859274296769,-2.999999999560676,300,0,0,0,0
CORRELATED_BIAS,ALWAYS_ACT,1,170,0.1777546442453782,-0.7000000001178328,170,0,0,1,1
CORRELATED_BIAS,ALWAYS_ACT,0,300,5.1967839220428464,-2.9999999994189372,300,0,0,0,0
CORRELATED_BIAS,ALWAYS_ACT,0,300,4.738463412476054,-3.000000001488881,300,0,0,0,0
CORRELATED_BIAS,ALWAYS_ACT,0,300,4.231169620455162,-3.000000001483272,300,0,0,0,0
CORRELATED_BIAS,ALWAYS_ACT,0,300,5.0279127433548565,-2.9999999956341616,300,0,0,0,0
CORRELATED_BIAS,ALWAYS_ACT,0,300,1.5410884084658325,-3.0000000036768766,300,0,0,0,0
CORRELATED_BIAS,ALWAYS_ACT,0,300,1.5503097220012554,-3.0000000017696133,300,0,0,0,0
CORRELATED_BIAS,ALWAYS_ACT,0,300,4.215012759908421,-2.9999999963940054,300,0,0,0,0
CORRELATED_BIAS,ALWAYS_ACT,0,300,4.831623705634442,-3.00000000024539,300,0,0,0,0
CORRELATED_BIAS,ALWAYS_ACT,1,163,0.19805465278981219,-0.6299999964323243,163,0,0,0,0
CORRELATED_BIAS,ALWAYS_ACT,0,300,0.961597123402761,-3.000000002584011,300,0,0,1,1
CORRELATED_BIAS,ALWAYS_ACT,0,300,1.5326672702362756,-3.00000000298082,300,0,0,0,0
CORRELATED_BIAS,ALWAYS_ACT,0,300,0.8985334825730015,-3.000000000741599,300,0,0,0,0
CORRELATED_BIAS,ALWAYS_ACT,0,300,4.636110151280362,-3.0000000015444432,300,0,0,2,2
CORRELATED_BIAS,ALWAYS_ACT,0,300,4.404107248512238,-2.9999999989398782,300,0,0,0,0
CORRELATED_BIAS,ALWAYS_ACT,0,300,4.451207304171527,-3.0000000007701324,300,0,0,1,1
CORRELATED_BIAS,ALWAYS_ACT,0,300,5.306537836097717,-3.0000000003438254,300,0,0,0,0
CORRELATED_BIAS,ALWAYS_ACT,0,300,5.209349434881182,-3.000000002113107,300,0,0,0,0
CORRELATED_BIAS,ALWAYS_ACT,0,300,5.214615669634015,-2.9999999987251207,300,0,0,0,0
CORRELATED_BIAS,ALWAYS_ACT,0,300,5.138398107463752,-3.000000006156628,300,0,0,0,0
CORRELATED_BIAS,ALWAYS_ACT,0,300,4.791400576083137,-3.000000002198826,300,0,0,1,1
CORRELATED_BIAS,ALWAYS_ACT,0,300,4.874010580281185,-3.0000000035947676,300,0,0,0,0
CORRELATED_BIAS,ALWAYS_ACT,0,300,4.92002311108939,-2.9999999955087,300,0,0,1,1
CORRELATED_BIAS,ALWAYS_ACT,0,300,5.18640217665482,-3.0000000021533637,300,0,0,0,0
CORRELATED_BIAS,ALWAYS_ACT,0,300,5.25675529247174,-3.000000003947264,300,0,0,0,0
CORRELATED_BIAS,ALWAYS_ACT,0,300,5.048852468501055,-3.0000000037594883,300,0,0,0,0
CORRELATED_BIAS,ALWAYS_ACT,1,206,0.1765047172524892,-1.0599999955416348,206,0,0,0,0
CORRELATED_BIAS,ALWAYS_ACT,0,300,4.2174620090253905,-3.0000000007667436,300,0,0,0,0
CORRELATED_BIAS,ALWAYS_ACT,1,185,0.19579846740037465,-0.8500000018027957,185,0,0,0,0
CORRELATED_BIAS,ALWAYS_ACT,0,300,5.196306525062407,-3.0000000042074526,300,0,0,0,0
CORRELATED_BIAS,ALWAYS_ACT,0,300,4.5854977249675954,-3.0000000000173537,300,0,0,0,0
CORRELATED_BIAS,ALWAYS_ACT,0,300,2.285013401913142,-3.0000000038686503,300,0,0,0,0
CORRELATED_BIAS,ALWAYS_ACT,1,166,0.1625137280309496,-0.6599999987314954,166,0,0,0,0
CORRELATED_BIAS,ALWAYS_ACT,0,300,4.733598519113563,-2.99999999531347,300,0,0,0,0
CORRELATED_BIAS,ALWAYS_ACT,1,72,0.18113019071324604,0.280000001469758,72,0,0,0,0
CORRELATED_BIAS,ALWAYS_ACT,0,300,4.387537734326876,-2.999999998981492,300,0,0,1,1
CORRELATED_BIAS,ALWAYS_ACT,1,100,0.18839797398215652,2.5984656648603277e-09,100,0,0,0,0
CORRELATED_BIAS,ALWAYS_ACT,0,300,5.127802896363742,-2.9999999982004555,300,0,0,0,0
CORRELATED_BIAS,ALWAYS_ACT,0,300,4.740187856778936,-3.000000001675431,300,0,0,0,0
CORRELATED_BIAS,ALWAYS_ACT,1,205,0.1698760752317461,-1.0500000014273723,205,0,0,0,0
CORRELATED_BIAS,ALWAYS_ACT,0,300,5.299006001789432,-2.999999998617788,300,0,0,0,0
CORRELATED_BIAS,ALWAYS_ACT,0,300,3.872552372926652,-2.999999998781829,300,0,0,3,3
CORRELATED_BIAS,ALWAYS_ACT,0,300,5.059786170536292,-3.000000003958714,300,0,0,0,0
CORRELATED_BIAS,ALWAYS_ACT,0,300,5.293022109246243,-2.9999999974767793,300,0,0,0,0
CORRELATED_BIAS,ALWAYS_ACT,1,158,0.17093722522926683,-0.5799999993993663,158,0,0,0,0
CORRELATED_BIAS,ALWAYS_ACT,0,300,5.093415370893625,-2.999999999742877,300,0,0,0,0
CORRELATED_BIAS,ALWAYS_ACT,0,300,5.083891116556454,-3.000000002675303,300,0,0,0,0
CORRELATED_BIAS,ALWAYS_ACT,0,300,0.853206620040771,-3.0000000039212873,300,0,0,1,1
CORRELATED_BIAS,ALWAYS_ACT,1,158,0.1757829578517716,-0.579999997934536,158,0,0,1,1
CORRELATED_BIAS,ALWAYS_ACT,1,182,0.18956238340796186,-0.8199999995576105,182,0,0,0,0
CORRELATED_BIAS,ALWAYS_ACT,0,300,5.118670444199455,-2.9999999920177003,300,0,0,0,0
CORRELATED_BIAS,ALWAYS_ACT,0,300,3.791289721594518,-3.0000000012013546,300,0,0,0,0
CORRELATED_BIAS,ALWAYS_ACT,1,144,0.19003558591315364,-0.4399999957875359,144,0,0,0,0
CORRELATED_BIAS,ALWAYS_ACT,0,300,4.9870938679994845,-3.0000000036851557,300,0,0,0,0
CORRELATED_BIAS,ALWAYS_ACT,0,300,5.033616873766171,-2.9999999988479606,300,0,0,0,0
CORRELATED_BIAS,ALWAYS_ACT,0,300,5.319159896225552,-2.9999999990994457,300,0,0,1,1
CORRELATED_BIAS,ALWAYS_ACT,0,300,5.088937873447142,-2.99999999735519,300,0,0,1,1
CORRELATED_BIAS,ALWAYS_ACT,1,193,0.1730546137088339,-0.9300000025950906,193,0,0,0,0
CORRELATED_BIAS,ALWAYS_ACT,0,300,5.1641071999003225,-3.0000000072047164,300,0,0,0,0
CORRELATED_BIAS,ALWAYS_ACT,0,300,4.8332928186827315,-2.999999995762386,300,0,0,0,0
CORRELATED_BIAS,ALWAYS_ACT,0,300,5.1037673229053455,-2.999999998261546,300,0,0,0,0
CORRELATED_BIAS,ALWAYS_ACT,0,300,0.7031782943520555,-3.000000003540861,300,0,0,1,1
CORRELATED_BIAS,ALWAYS_ACT,1,181,0.17760314648146983,-0.8100000017248258,181,0,0,0,0
CORRELATED_BIAS,ALWAYS_ACT,0,300,5.171819247186706,-3.000000005612147,300,0,0,0,0
CORRELATED_BIAS,ALWAYS_ACT,0,300,4.626126285926312,-2.9999999982198395,300,0,0,0,0
CORRELATED_BIAS,ALWAYS_ACT,0,300,5.268216904505389,-3.0000000007794716,300,0,0,0,0
CORRELATED_BIAS,ALWAYS_ACT,0,300,5.1021336452974,-3.000000000625736,300,0,0,0,0
CORRELATED_BIAS,ALWAYS_ACT,0,300,5.0442911134084705,-2.999999998440752,300,0,0,0,0
CORRELATED_BIAS,ALWAYS_ACT,0,300,3.2626612370849593,-3.0000000026338633,300,0,0,0,0
CORRELATED_BIAS,ALWAYS_ACT,0,300,4.720501743383457,-3.000000004452854,300,0,0,0,0
CORRELATED_BIAS,ALWAYS_ACT,1,179,0.18928723795880126,-0.789999995888833,179,0,0,0,0
CORRELATED_BIAS,ALWAYS_ACT,1,200,0.17014769150422954,-0.9999999990896454,200,0,0,0,0
CORRELATED_BIAS,ALWAYS_ACT,1,188,0.160134473183181,-0.8799999966773632,188,0,0,0,0
CORRELATED_BIAS,ALWAYS_ACT,0,300,5.000225890195111,-2.9999999960914456,300,0,0,0,0
CORRELATED_BIAS,ALWAYS_ACT,1,92,0.1925891007550356,0.07999999945112513,92,0,0,0,0
CORRELATED_BIAS,ALWAYS_ACT,0,300,3.5971419152023927,-3.000000001982541,300,0,0,2,2
CORRELATED_BIAS,ALWAYS_ACT,0,300,5.188979430918281,-3.0000000016496062,300,0,0,0,0
CORRELATED_BIAS,ALWAYS_ACT,1,190,0.1607532001117194,-0.8999999994493189,190,0,0,1,1
CORRELATED_BIAS,ALWAYS_ACT,1,185,0.18091626038520445,-0.8500000007115167,185,0,0,1,1
CORRELATED_BIAS,ALWAYS_ACT,1,159,0.1919738485372537,-0.5900000004200281,159,0,0,0,0
CORRELATED_BIAS,AEGIS,0,300,5.126843008757719,-2.989999998031637,299,0,1,1,0
CORRELATED_BIAS,AEGIS,0,300,1.9310184195326254,-2.9999999985447925,300,0,0,0,0
CORRELATED_BIAS,AEGIS,1,144,0.19226243398170517,-0.4399999999816726,144,0,0,0,0
CORRELATED_BIAS,AEGIS,0,300,5.156728175084431,-3.0000000073166873,300,0,0,0,0
CORRELATED_BIAS,AEGIS,1,208,0.17467837371148143,-1.0800000008012858,208,0,0,0,0
CORRELATED_BIAS,AEGIS,0,300,5.215783234107687,-2.9900000017280957,299,0,1,1,0
CORRELATED_BIAS,AEGIS,0,300,4.108370757355519,-2.999999999367771,300,0,0,0,0
CORRELATED_BIAS,AEGIS,1,192,0.18943223704221152,-0.9200000014611867,192,0,0,0,0
CORRELATED_BIAS,AEGIS,0,300,5.24744686754584,-3.0000000013231385,300,0,0,0,0
CORRELATED_BIAS,AEGIS,0,300,4.813723012673395,-3.0000000021564306,300,0,0,0,0
CORRELATED_BIAS,AEGIS,0,300,4.401872607143097,-2.9900000024946927,299,0,1,1,0
CORRELATED_BIAS,AEGIS,1,172,0.1981771579793173,-0.7199999999625221,172,0,0,0,0
CORRELATED_BIAS,AEGIS,0,300,5.228826274399711,-3.000000003249845,300,0,0,0,0
CORRELATED_BIAS,AEGIS,1,122,0.1947627927416224,-0.2200000015966097,122,0,0,0,0
CORRELATED_BIAS,AEGIS,0,300,4.039390596898885,-3.000000005982441,300,0,0,0,0
CORRELATED_BIAS,AEGIS,1,170,0.18492192551713887,-0.700000001352983,170,0,0,0,0
CORRELATED_BIAS,AEGIS,0,300,3.5574724179158466,-2.9999999993822897,300,0,0,0,0
CORRELATED_BIAS,AEGIS,0,300,0.9996735180212395,-2.9999999986059707,300,0,0,0,0
CORRELATED_BIAS,AEGIS,1,63,0.19488495408667414,0.37000000032574754,63,0,0,0,0
CORRELATED_BIAS,AEGIS,0,300,5.092859274296769,-2.999999999560676,300,0,0,0,0
CORRELATED_BIAS,AEGIS,1,171,0.17258419222645283,-0.7000000024575438,170,0,1,1,0
CORRELATED_BIAS,AEGIS,0,300,5.1967839220428464,-2.9999999994189372,300,0,0,0,0
CORRELATED_BIAS,AEGIS,0,300,4.738463412476054,-3.000000001488881,300,0,0,0,0
CORRELATED_BIAS,AEGIS,0,300,4.231169620455162,-3.000000001483272,300,0,0,0,0
CORRELATED_BIAS,AEGIS,0,300,5.0279127433548565,-2.9999999956341616,300,0,0,0,0
CORRELATED_BIAS,AEGIS,0,300,1.5410884084658325,-3.0000000036768766,300,0,0,0,0
CORRELATED_BIAS,AEGIS,0,300,1.5503097220012554,-3.0000000017696133,300,0,0,0,0
CORRELATED_BIAS,AEGIS,0,300,4.215012759908421,-2.9999999963940054,300,0,0,0,0
CORRELATED_BIAS,AEGIS,0,300,4.831623705634442,-3.00000000024539,300,0,0,0,0
CORRELATED_BIAS,AEGIS,1,163,0.19805465278981219,-0.6299999964323243,163,0,0,0,0
CORRELATED_BIAS,AEGIS,0,300,0.9624623677676394,-2.989999999692466,299,0,1,1,0
CORRELATED_BIAS,AEGIS,0,300,1.5326672702362756,-3.00000000298082,300,0,0,0,0
CORRELATED_BIAS,AEGIS,0,300,0.8985334825730015,-3.000000000741599,300,0,0,0,0
CORRELATED_BIAS,AEGIS,0,300,4.666862305922901,-2.979999997545032,298,0,2,2,0
CORRELATED_BIAS,AEGIS,0,300,4.404107248512238,-2.9999999989398782,300,0,0,0,0
CORRELATED_BIAS,AEGIS,0,300,4.525327453641255,-2.989999998436069,299,0,1,1,0
CORRELATED_BIAS,AEGIS,0,300,5.306537836097717,-3.0000000003438254,300,0,0,0,0
CORRELATED_BIAS,AEGIS,0,300,5.209349434881182,-3.000000002113107,300,0,0,0,0
CORRELATED_BIAS,AEGIS,0,300,5.214615669634015,-2.9999999987251207,300,0,0,0,0
CORRELATED_BIAS,AEGIS,0,300,5.138398107463752,-3.000000006156628,300,0,0,0,0
CORRELATED_BIAS,AEGIS,0,300,4.80051247892731,-2.9900000038745183,299,0,1,1,0
CORRELATED_BIAS,AEGIS,0,300,4.874010580281185,-3.0000000035947676,300,0,0,0,0
CORRELATED_BIAS,AEGIS,0,300,4.886888060973655,-2.989999991630077,299,0,1,1,0
CORRELATED_BIAS,AEGIS,0,300,5.18640217665482,-3.0000000021533637,300,0,0,0,0
CORRELATED_BIAS,AEGIS,0,300,5.25675529247174,-3.000000003947264,300,0,0,0,0
CORRELATED_BIAS,AEGIS,0,300,5.048852468501055,-3.0000000037594883,300,0,0,0,0
CORRELATED_BIAS,AEGIS,1,206,0.1765047172524892,-1.0599999955416348,206,0,0,0,0
CORRELATED_BIAS,AEGIS,0,300,4.2174620090253905,-3.0000000007667436,300,0,0,0,0
CORRELATED_BIAS,AEGIS,1,185,0.19579846740037465,-0.8500000018027957,185,0,0,0,0
CORRELATED_BIAS,AEGIS,0,300,5.196306525062407,-3.0000000042074526,300,0,0,0,0
CORRELATED_BIAS,AEGIS,0,300,4.5854977249675954,-3.0000000000173537,300,0,0,0,0
CORRELATED_BIAS,AEGIS,0,300,2.285013401913142,-3.0000000038686503,300,0,0,0,0
CORRELATED_BIAS,AEGIS,1,166,0.1625137280309496,-0.6599999987314954,166,0,0,0,0
CORRELATED_BIAS,AEGIS,0,300,4.733598519113563,-2.99999999531347,300,0,0,0,0
CORRELATED_BIAS,AEGIS,1,72,0.18113019071324604,0.280000001469758,72,0,0,0,0
CORRELATED_BIAS,AEGIS,0,300,4.3551578060872504,-2.9900000041038437,299,0,1,1,0
CORRELATED_BIAS,AEGIS,1,100,0.18839797398215652,2.5984656648603277e-09,100,0,0,0,0
CORRELATED_BIAS,AEGIS,0,300,5.127802896363742,-2.9999999982004555,300,0,0,0,0
CORRELATED_BIAS,AEGIS,0,300,4.740187856778936,-3.000000001675431,300,0,0,0,0
CORRELATED_BIAS,AEGIS,1,205,0.1698760752317461,-1.0500000014273723,205,0,0,0,0
CORRELATED_BIAS,AEGIS,0,300,5.299006001789432,-2.999999998617788,300,0,0,0,0
CORRELATED_BIAS,AEGIS,0,300,3.8603517279404493,-2.9700000004293012,297,0,3,3,0
CORRELATED_BIAS,AEGIS,0,300,5.059786170536292,-3.000000003958714,300,0,0,0,0
CORRELATED_BIAS,AEGIS,0,300,5.293022109246243,-2.9999999974767793,300,0,0,0,0
CORRELATED_BIAS,AEGIS,1,158,0.17093722522926683,-0.5799999993993663,158,0,0,0,0
CORRELATED_BIAS,AEGIS,0,300,5.093415370893625,-2.999999999742877,300,0,0,0,0
CORRELATED_BIAS,AEGIS,0,300,5.083891116556454,-3.000000002675303,300,0,0,0,0
CORRELATED_BIAS,AEGIS,0,300,0.8490818507544464,-2.9900000009338537,299,0,1,1,0
CORRELATED_BIAS,AEGIS,1,158,0.18723704955477544,-0.5700000014924158,157,0,1,1,0
CORRELATED_BIAS,AEGIS,1,182,0.18956238340796186,-0.8199999995576105,182,0,0,0,0
CORRELATED_BIAS,AEGIS,0,300,5.118670444199455,-2.9999999920177003,300,0,0,0,0
CORRELATED_BIAS,AEGIS,0,300,3.791289721594518,-3.0000000012013546,300,0,0,0,0
CORRELATED_BIAS,AEGIS,1,144,0.19003558591315364,-0.4399999957875359,144,0,0,0,0
CORRELATED_BIAS,AEGIS,0,300,4.9870938679994845,-3.0000000036851557,300,0,0,0,0
CORRELATED_BIAS,AEGIS,0,300,5.033616873766171,-2.9999999988479606,300,0,0,0,0
CORRELATED_BIAS,AEGIS,0,300,5.266242264603828,-2.9899999968873607,299,0,1,1,0
CORRELATED_BIAS,AEGIS,0,300,5.09831016147304,-2.989999996751079,299,0,1,1,0
CORRELATED_BIAS,AEGIS,1,193,0.1730546137088339,-0.9300000025950906,193,0,0,0,0
CORRELATED_BIAS,AEGIS,0,300,5.1641071999003225,-3.0000000072047164,300,0,0,0,0
CORRELATED_BIAS,AEGIS,0,300,4.8332928186827315,-2.999999995762386,300,0,0,0,0
CORRELATED_BIAS,AEGIS,0,300,5.1037673229053455,-2.999999998261546,300,0,0,0,0
CORRELATED_BIAS,AEGIS,0,300,0.693275202967667,-2.990000000423949,299,0,1,1,0
CORRELATED_BIAS,AEGIS,1,181,0.17760314648146983,-0.8100000017248258,181,0,0,0,0
CORRELATED_BIAS,AEGIS,0,300,5.171819247186706,-3.000000005612147,300,0,0,0,0
CORRELATED_BIAS,AEGIS,0,300,4.626126285926312,-2.9999999982198395,300,0,0,0,0
CORRELATED_BIAS,AEGIS,0,300,5.268216904505389,-3.0000000007794716,300,0,0,0,0
CORRELATED_BIAS,AEGIS,0,300,5.1021336452974,-3.000000000625736,300,0,0,0,0
CORRELATED_BIAS,AEGIS,0,300,5.0442911134084705,-2.999999998440752,300,0,0,0,0
CORRELATED_BIAS,AEGIS,0,300,3.2626612370849593,-3.0000000026338633,300,0,0,0,0
CORRELATED_BIAS,AEGIS,0,300,4.720501743383457,-3.000000004452854,300,0,0,0,0
CORRELATED_BIAS,AEGIS,1,179,0.18928723795880126,-0.789999995888833,179,0,0,0,0
CORRELATED_BIAS,AEGIS,1,200,0.17014769150422954,-0.9999999990896454,200,0,0,0,0
CORRELATED_BIAS,AEGIS,1,188,0.160134473183181,-0.8799999966773632,188,0,0,0,0
CORRELATED_BIAS,AEGIS,0,300,5.000225890195111,-2.9999999960914456,300,0,0,0,0
CORRELATED_BIAS,AEGIS,1,92,0.1925891007550356,0.07999999945112513,92,0,0,0,0
CORRELATED_BIAS,AEGIS,0,300,3.6195947939011024,-2.9800000005139036,298,0,2,2,0
CORRELATED_BIAS,AEGIS,0,300,5.188979430918281,-3.0000000016496062,300,0,0,0,0
CORRELATED_BIAS,AEGIS,1,190,0.18276071199792862,-0.8899999999771759,189,0,1,1,0
CORRELATED_BIAS,AEGIS,1,186,0.15477271908482176,-0.8500000016132688,185,0,1,1,0
CORRELATED_BIAS,AEGIS,1,159,0.1919738485372537,-0.5900000004200281,159,0,0,0,0
