scenario,policy,episodes,success_rate,avg_steps,avg_final_distance,avg_reward,act_rate,verify_rate,abstain_rate,mismatch_rate,mismatch_act_rate
NORMAL,ALWAYS_ACT,100,1.0,150.06,0.18005332572618538,-0.5005999996462244,1.0,0.0,0.0,0.0009329601492736239,1.0
NORMAL,AEGIS,100,1.0,150.1,0.18131843952534532,-0.49959999974019687,0.9990672884743504,0.0,0.000932711525649567,0.000932711525649567,0.0
BIASED,ALWAYS_ACT,100,1.0,150.06,0.1802994203434389,-0.5005999999381665,1.0,0.0,0.0,1.0,1.0
BIASED,AEGIS,100,0.0,300.0,3.5614786149153543,0.0,0.0,0.0,1.0,1.0,0.0
HEAVY_TAIL,ALWAYS_ACT,100,1.0,150.1,0.18003698239012084,-0.5009999998544303,1.0,0.0,0.0,0.08820786142571618,1.0
HEAVY_TAIL,AEGIS,100,1.0,157.1,0.18029944886433355,-0.43209999988508746,0.9115849777211967,0.0,0.08841502227880331,0.08841502227880331,0.0
OUTLIER,ALWAYS_ACT,100,1.0,150.32,0.18030175297354187,-0.5032000000379987,1.0,0.0,0.0,0.21567323044172432,1.0
OUTLIER,AEGIS,100,1.0,169.49,0.1809669063106801,-0.33009999995154904,0.7847660628945661,0.0,0.21523393710543395,0.21523393710543395,0.0
DRIFT,ALWAYS_ACT,100,1.0,150.07,0.18044500996642188,-0.5006999998948498,1.0,0.0,0.0,0.27900313187179315,1.0
DRIFT,AEGIS,100,1.0,163.61,0.18477935351661112,-0.08840000021884403,0.6652405109712121,0.0,0.334759489028788,0.334759489028788,0.0
CORRELATED_BIAS,ALWAYS_ACT,100,0.28,261.47,3.1717581378153334,-2.3347000004138225,1.0,0.0,0.0,0.0008796420239415612,1.0
CORRELATED_BIAS,AEGIS,100,0.28,261.49,3.171425276095442,-2.3326000003646796,0.9991204252552679,0.0,0.0008795747447321122,0.0008795747447321122,0.0
