evaluation,scenario,policy,episodes,success_rate,failure_rate,fail_safe_rate,avg_steps,avg_final_distance,avg_reward,act_rate,verify_rate,abstain_rate,recover_rate,unsafe_gate_rate,ground_truth_wrong_direction_rate,isolated_fault_rate,multi_sensor_fault_rate,degraded_rate,avg_recovery_steps,avg_temporal_failures
development,NORMAL,AEGIS_V3.0,100,1.0,0.0,0.0,148.04,0.2294574710511445,-0.452600000000001,0.9812212915428262,0.018711159146176708,6.754931099702783e-05,0.0,0.0,0.0,0.0,0.0,6.754931099702783e-05,0.0,0.0
development,NORMAL,AEGIS_V3.1,100,1.0,0.0,0.0,150.05,0.22967300675377814,-0.450800000000001,0.9668777074308563,0.013862045984671776,0.01906031322892369,0.0001999333555481506,0.0,0.0,0.0007330889703432189,0.0,0.000866377874041986,0.03,2.89
development,BIASED,AEGIS_V3.0,100,0.0,1.0,0.0,300.0,7.759278110742515,-1.0429999999999937,0.0,0.006666666666666667,0.0,0.9933333333333333,0.0,0.0,0.0,0.0,1.0,298.0,0.0
development,BIASED,AEGIS_V3.1,100,0.98,0.020000000000000018,0.01,151.21,0.24480429633848272,-0.41756000000000093,0.9242113616824285,0.03022286885787977,0.043647906884465314,0.001983995767475696,0.0,0.0008586762075134168,0.9384961312082534,6.613319224918987e-05,0.9797632431717479,0.3,6.78
development,HEAVY_TAIL,AEGIS_V3.0,100,1.0,0.0,0.0,158.48,0.22952344397787514,-0.2717700000000009,0.7997854618879354,0.04846037354871277,0.1440560323069157,0.007698132256436143,0.000631163708086785,0.0,0.0,0.0,0.052435638566380616,1.22,0.0
development,HEAVY_TAIL,AEGIS_V3.1,100,1.0,0.0,0.0,147.3,0.22814845307160048,-0.37501000000000095,0.93346911065852,0.03808553971486762,0.02790224032586558,0.0005431093007467753,0.0,0.0,0.045213849287169046,0.0006788866259334691,0.0471826205023761,0.08,4.16
development,DROPOUT,AEGIS_V3.0,100,1.0,0.0,0.0,164.29,0.23365627556669902,-0.21899500000000086,0.7356503743380608,0.24627183638687686,0.0,0.01807778927506239,0.00016548072149594572,0.0,0.0,0.0,0.24974131109623227,2.97,0.0
development,DROPOUT,AEGIS_V3.1,100,0.77,0.22999999999999998,0.23,137.31,0.9239494179649457,-0.21256000000000064,0.7150972252567184,0.23210254169397712,0.030442065399461073,0.02403320952589032,0.0,0.0,0.0005097953535794917,0.0,0.2532954628213531,3.3,4.63
development,DRIFT,AEGIS_V3.0,100,0.07,0.9299999999999999,0.0,281.38,4.981151513123431,-1.0234149999999957,0.0790034828346009,0.035894519866372876,0.0005686260572890753,0.8845333712417371,0.004948268106162843,0.0,0.0,0.0,0.8932404577439761,248.89,0.0
development,DRIFT,AEGIS_V3.1,100,0.91,0.08999999999999997,0.09,143.49,0.4352099722712772,-0.36971000000000087,0.8916300787511325,0.05979510767300857,0.04139661300439055,0.007805421980625828,0.0,0.0003126465530717524,0.7633284549445954,0.0005575301414732734,0.7815875670778452,1.12,6.28
development,CORRELATED_BIAS,AEGIS_V3.0,100,0.04,0.96,0.0,288.04,7.539025756969734,-0.9597499999999941,0.002846826829606999,0.006075545063185668,0.0075336758783502294,0.9835439522288572,0.0,0.975609756097561,0.0,0.0,0.9910776281072073,283.3,0.0
development,CORRELATED_BIAS,AEGIS_V3.1,100,0.04,0.96,0.96,3.94,3.4231376743897837,0.038740000000000004,0.007614213197969543,0.007614213197969543,0.49746192893401014,0.7309644670050761,0.0,0.6666666666666666,0.007614213197969543,1.2208121827411167,0.007614213197969543,2.88,0.01
holdout,NORMAL,AEGIS_V3.0,100,1.0,0.0,0.0,145.75,0.2298378710225581,-0.431400000000001,0.9820926243567752,0.01783876500857633,6.86106346483705e-05,0.0,6.98616738857063e-05,0.0,0.0,0.0,6.86106346483705e-05,0.0,0.0
holdout,NORMAL,AEGIS_V3.1,100,1.0,0.0,0.0,147.84,0.22964033608526388,-0.42940000000000106,0.9668560606060606,0.014136904761904762,0.019007034632034632,0.0,0.0,0.0,0.0010822510822510823,6.764069264069264e-05,0.0010822510822510823,0.0,2.81
holdout,BIASED,AEGIS_V3.0,100,0.0,1.0,0.0,300.0,8.097901366966628,-1.0429999999999937,0.0,0.006666666666666667,0.0,0.9933333333333333,0.0,0.0,0.0,0.0,1.0,298.0,0.0
holdout,BIASED,AEGIS_V3.1,100,0.98,0.020000000000000018,0.01,159.64,0.2739961917394986,-0.4982600000000009,0.9259584064144325,0.030568779754447505,0.04215735404660486,0.0013781007266349286,0.0,0.0011500473548910837,0.9543973941368078,0.00043848659483838637,0.9969305938361313,0.22,6.89
holdout,HEAVY_TAIL,AEGIS_V3.0,100,1.0,0.0,0.0,161.21,0.2284883040705599,-0.2866900000000009,0.7952360275417157,0.04974877488989517,0.14670305812294523,0.00831213944544383,0.00109204368174727,0.0,0.0,0.0,0.054587184417840086,1.34,0.0
holdout,HEAVY_TAIL,AEGIS_V3.1,100,1.0,0.0,0.0,149.32,0.23162595869017502,-0.3938000000000009,0.9334315563889632,0.03797214036967586,0.028127511384945084,0.0004687918564157514,0.0,0.0,0.045070988481114384,0.0006027323868202519,0.047214036967586394,0.07,4.23
holdout,DROPOUT,AEGIS_V3.0,100,1.0,0.0,0.0,165.11,0.23367077968404207,-0.22693500000000083,0.7375688934649628,0.2464417660953304,0.00018169705045121434,0.015807643389255648,0.0,0.0,0.0,0.0,0.24698685724668404,2.61,0.0
holdout,DROPOUT,AEGIS_V3.1,100,0.75,0.25,0.25,139.71,0.8839099457705079,-0.2543000000000007,0.7183451435115596,0.23105003220957698,0.02984754133562379,0.02254670388662229,0.0,0.0,0.0005726147018824708,0.0,0.25087681626225755,3.15,4.63
holdout,DRIFT,AEGIS_V3.0,100,0.02,0.98,0.0,295.14,5.305564408232496,-1.1148449999999954,0.07349054685911771,0.03740597682455784,0.00047435115538388563,0.8886291251609406,0.0009220839096357768,0.0,0.0,0.0,0.8960832147455445,262.27,0.0
holdout,DRIFT,AEGIS_V3.1,100,0.93,0.06999999999999995,0.07,152.42,0.4205631719672354,-0.4320400000000009,0.8934523028473954,0.05681669072300223,0.0435638367668285,0.006626426978086865,0.0,0.0008077544426494346,0.7825744652932686,0.0005248655032148012,0.8030442199186458,1.01,6.92
holdout,CORRELATED_BIAS,AEGIS_V3.0,100,0.0,1.0,0.0,300.0,7.952257316831467,-1.0428699999999937,0.0015666666666666667,0.0029333333333333334,0.0067666666666666665,0.9887333333333334,0.0,1.0,0.0,0.0,0.9955,296.62,0.0
holdout,CORRELATED_BIAS,AEGIS_V3.1,100,0.0,1.0,1.0,4.26,3.6039864064275786,-0.0021099999999999995,0.025821596244131457,0.018779342723004695,0.4765258215962441,0.7136150234741784,0.0,1.0,0.009389671361502348,1.1666666666666667,0.014084507042253521,3.04,0.05
